{
  "stage": "density_heatmap",
  "timestamp": 1784828776.0554242,
  "results": {
    "lattice": [
      3,
      4
    ],
    "n_qubits": 24,
    "sector_dim": 853776,
    "U": 4.0,
    "dt": 0.2,
    "steps": 10,
    "initial_state": "stripe",
    "times": [
      0.2,
      0.4,
      0.6000000000000001,
      0.8,
      1.0,
      1.2000000000000002,
      1.4000000000000001,
      1.6,
      1.8,
      2.0
    ],
    "density_per_site": [
      [
        1.8895386771609104,
        1.6524160990112018,
        1.4546701573925085,
        1.357094462904762,
        1.3163084369333014,
        1.2820584401688642,
        1.2375864932787057,
        1.1899135480088052,
        1.149905747115688,
        1.12198844239107
      ],
      [
        0.9961953540587699,
        0.9562432370435887,
        0.8682738173064524,
        0.7900705883285017,
        0.7722265484206505,
        0.8044437315095586,
        0.8542349271939818,
        0.9034934561972512,
        0.9451162104767343,
        0.9736915675806135
      ],
      [
        0.11426596878032053,
        0.39134066394520883,
        0.677056025301039,
        0.8528349487667357,
        0.9114650146460486,
        0.9134978283215773,
        0.9081785795273127,
        0.9065929957939445,
        0.9049780424075784,
        0.9043199900283169
      ],
      [
        0.1142659687803206,
        0.39134066394520894,
        0.6770560253010391,
        0.8528349487667357,
        0.9114650146460483,
        0.913497828321578,
        0.9081785795273127,
        0.906592995793944,
        0.9049780424075782,
        0.9043199900283169
      ],
      [
        0.9961953540587695,
        0.9562432370435893,
        0.8682738173064523,
        0.7900705883285019,
        0.7722265484206503,
        0.8044437315095586,
        0.8542349271939823,
        0.9034934561972507,
        0.9451162104767339,
        0.9736915675806133
      ],
      [
        1.88953867716091,
        1.6524160990112016,
        1.4546701573925083,
        1.3570944629047623,
        1.3163084369333005,
        1.2820584401688637,
        1.2375864932787062,
        1.1899135480088054,
        1.1499057471156877,
        1.1219884423910695
      ],
      [
        1.88953867716091,
        1.6524160990112016,
        1.4546701573925078,
        1.357094462904762,
        1.3163084369333005,
        1.2820584401688628,
        1.2375864932787057,
        1.1899135480088048,
        1.1499057471156875,
        1.1219884423910698
      ],
      [
        0.99619535405877,
        0.9562432370435886,
        0.8682738173064526,
        0.7900705883285019,
        0.772226548420651,
        0.8044437315095587,
        0.8542349271939819,
        0.903493456197251,
        0.9451162104767341,
        0.9736915675806135
      ],
      [
        0.11426596878032058,
        0.39134066394520894,
        0.6770560253010391,
        0.8528349487667355,
        0.911465014646049,
        0.9134978283215776,
        0.9081785795273132,
        0.9065929957939441,
        0.9049780424075784,
        0.904319990028317
      ],
      [
        0.1142659687803205,
        0.3913406639452087,
        0.6770560253010387,
        0.8528349487667359,
        0.9114650146460488,
        0.9134978283215776,
        0.9081785795273131,
        0.9065929957939446,
        0.9049780424075785,
        0.904319990028317
      ],
      [
        0.9961953540587698,
        0.9562432370435889,
        0.8682738173064526,
        0.790070588328502,
        0.772226548420651,
        0.8044437315095585,
        0.854234927193982,
        0.9034934561972507,
        0.9451162104767341,
        0.9736915675806133
      ],
      [
        1.8895386771609102,
        1.6524160990112011,
        1.4546701573925083,
        1.357094462904763,
        1.316308436933301,
        1.2820584401688633,
        1.2375864932787053,
        1.189913548008805,
        1.1499057471156877,
        1.1219884423910695
      ]
    ],
    "sites": [
      [
        0,
        0
      ],
      [
        1,
        0
      ],
      [
        2,
        0
      ],
      [
        2,
        1
      ],
      [
        1,
        1
      ],
      [
        0,
        1
      ],
      [
        0,
        2
      ],
      [
        1,
        2
      ],
      [
        2,
        2
      ],
      [
        2,
        3
      ],
      [
        1,
        3
      ],
      [
        0,
        3
      ]
    ],
    "avg_double_occupancy": [
      0.329131124799889,
      0.30141049148035476,
      0.28226048246972213,
      0.2906186269145053,
      0.2960269253285383,
      0.29131411055905104,
      0.29040665521355646,
      0.29395429543329177,
      0.29433361987526563,
      0.29137403321902683
    ]
  }
}