{
  "stage": "h2_run",
  "timestamp": 1784828839.1973152,
  "results": {
    "backend": "qnexus:H2-1LE",
    "lattice": [
      2,
      2
    ],
    "n_qubits": 8,
    "U": 8.0,
    "dt": 0.1,
    "steps": 4,
    "shots": 500,
    "times": [
      0.1,
      0.2,
      0.30000000000000004,
      0.4
    ],
    "D": [
      0.014,
      0.0515,
      0.0755,
      0.0715
    ],
    "M": [
      0.486,
      0.446,
      0.4115,
      0.401
    ],
    "D_err": [
      0.0024521437139714813,
      0.004589834052900588,
      0.00515584022659848,
      0.005784244216471058
    ],
    "M_err": [
      0.0024521437139714834,
      0.0049232546074368605,
      0.006659332439720474,
      0.00777129066131961
    ],
    "N": [
      4.0,
      4.0,
      4.0,
      4.0
    ],
    "ed_D": [
      0.018334024104366093,
      0.05628639897737418,
      0.08053420523803131,
      0.07466151234540999
    ],
    "ed_M": [
      0.4812900716143198,
      0.43871601392187715,
      0.40080003496842836,
      0.38631191253531866
    ]
  }
}