{
  "stage": "h2_run",
  "timestamp": 1784840280.2331393,
  "results": {
    "backend": "qnexus:H2-1LE",
    "lattice": [
      2,
      2
    ],
    "n_qubits": 8,
    "U": 8.0,
    "dt": 0.1,
    "steps": 4,
    "shots": 500,
    "times": [
      0.1,
      0.2,
      0.30000000000000004,
      0.4
    ],
    "D": [
      0.018,
      0.0545,
      0.0745,
      0.0735
    ],
    "M": [
      0.482,
      0.4425,
      0.4095,
      0.3885
    ],
    "D_err": [
      0.0029724182243591685,
      0.004694281777549701,
      0.005000077888840569,
      0.005578458208134171
    ],
    "M_err": [
      0.002972418224359171,
      0.005051222549663715,
      0.006428575007975379,
      0.008707646599195588
    ],
    "N": [
      4.0,
      4.0,
      4.0,
      4.0
    ],
    "ed_D": [
      0.018334024104366093,
      0.05628639897737418,
      0.08053420523803131,
      0.07466151234540999
    ],
    "ed_M": [
      0.4812900716143198,
      0.43871601392187715,
      0.40080003496842836,
      0.38631191253531866
    ]
  }
}