{
  "stage": "summary_tables",
  "timestamp": 1784828908.3697152,
  "results": {
    "lattice": [
      2,
      2
    ],
    "t": 1.0,
    "dt": 0.05,
    "steps": 20,
    "order": 2,
    "initial_state": "neel",
    "rows": [
      {
        "U": 0.0,
        "degeneracy": 4,
        "ed_ground": {
          "total_particles": 4.0,
          "avg_double_occupancy": 0.2500000000000001,
          "staggered_magnetization": 4.163336342344337e-17
        },
        "ed_quench": {
          "total_particles": 4.0,
          "avg_double_occupancy": 0.2425023286644708,
          "staggered_magnetization": 0.0865890947840971
        },
        "trotter_quench": {
          "total_particles": 4.0,
          "avg_double_occupancy": 0.24250232866447066,
          "staggered_magnetization": 0.08658909478409713
        },
        "vqe_ground": {
          "total_particles": 4.000000000000005,
          "avg_double_occupancy": 0.249992953348318,
          "staggered_magnetization": 0.0030677169010250426
        },
        "vqe_energy": -3.999380489003302,
        "ed_energy": -4.000000000000002,
        "vqe_energy_error_percent": 0.015487774917499744,
        "vqe_layers": 3
      },
      {
        "U": 1.0,
        "degeneracy": 1,
        "ed_ground": {
          "total_particles": 4.0,
          "avg_double_occupancy": 0.14449677222842697,
          "staggered_magnetization": 6.175615574477433e-16
        },
        "ed_quench": {
          "total_particles": 4.0,
          "avg_double_occupancy": 0.2269117308483873,
          "staggered_magnetization": 0.08073295862080755
        },
        "trotter_quench": {
          "total_particles": 4.0,
          "avg_double_occupancy": 0.22687431605291253,
          "staggered_magnetization": 0.08066613705180516
        },
        "vqe_ground": {
          "total_particles": 3.999999999999999,
          "avg_double_occupancy": 0.1529791056407057,
          "staggered_magnetization": -0.2751877230147425
        },
        "vqe_energy": -3.161304661753642,
        "ed_energy": -3.3408476172483486,
        "vqe_energy_error_percent": 5.374173744643436,
        "vqe_layers": 3
      },
      {
        "U": 4.0,
        "degeneracy": 1,
        "ed_ground": {
          "total_particles": 3.9999999999999996,
          "avg_double_occupancy": 0.07183134317251352,
          "staggered_magnetization": -9.71445146547012e-17
        },
        "ed_quench": {
          "total_particles": 4.0,
          "avg_double_occupancy": 0.11797904203369078,
          "staggered_magnetization": 0.10578256621663709
        },
        "trotter_quench": {
          "total_particles": 4.0,
          "avg_double_occupancy": 0.11760075567411504,
          "staggered_magnetization": 0.10669374538905091
        },
        "vqe_ground": {
          "total_particles": 4.000000000000005,
          "avg_double_occupancy": 0.07193281278972881,
          "staggered_magnetization": -0.39393856181677855
        },
        "vqe_energy": -1.736435670293769,
        "ed_energy": -2.102748483462073,
        "vqe_energy_error_percent": 17.420667095913807,
        "vqe_layers": 3
      },
      {
        "U": 8.0,
        "degeneracy": 1,
        "ed_ground": {
          "total_particles": 4.0,
          "avg_double_occupancy": 0.03249797290752606,
          "staggered_magnetization": 2.7755575615628914e-16
        },
        "ed_quench": {
          "total_particles": 4.0,
          "avg_double_occupancy": 0.036789716502442664,
          "staggered_magnetization": 0.32788016890230853
        },
        "trotter_quench": {
          "total_particles": 4.0,
          "avg_double_occupancy": 0.03618715124373982,
          "staggered_magnetization": 0.33155299498619706
        },
        "vqe_ground": {
          "total_particles": 3.999999999999997,
          "avg_double_occupancy": 0.025852822065504186,
          "staggered_magnetization": 0.4498876695573808
        },
        "vqe_energy": -0.9500598399213757,
        "ed_energy": -1.3202349582719293,
        "vqe_energy_error_percent": 28.038578741702164,
        "vqe_layers": 3
      }
    ]
  }
}