{
  "stage": "dt_convergence",
  "timestamp": 1784764013.2679036,
  "results": {
    "conv": {
      "1": {
        "dt": [
          0.4,
          0.2,
          0.1,
          0.05
        ],
        "dev_D": [
          155.95068466758082,
          31.08010193253601,
          6.540516121362448,
          1.630843792821779
        ],
        "dev_M": [
          37.175087914875306,
          5.251560055154357,
          1.050216131773657,
          0.25777559391918176
        ]
      },
      "2": {
        "dt": [
          0.4,
          0.2,
          0.1,
          0.05
        ],
        "dev_D": [
          84.75119775738924,
          29.539833099908886,
          8.787011629099306,
          2.168842750849131
        ],
        "dev_M": [
          30.129565518199907,
          13.805274004967941,
          3.0799826888665995,
          0.7522395867200119
        ]
      }
    }
  }
}