{
  "stage": "h2_run",
  "timestamp": 1784764104.1718404,
  "results": {
    "backend": "qnexus:H2-1LE",
    "lattice": [
      2,
      2
    ],
    "n_qubits": 8,
    "U": 8.0,
    "dt": 0.1,
    "steps": 4,
    "shots": 500,
    "times": [
      0.1,
      0.2,
      0.30000000000000004,
      0.4
    ],
    "D": [
      0.01,
      0.0435,
      0.063,
      0.0755
    ],
    "M": [
      0.49,
      0.4525,
      0.418,
      0.3905
    ],
    "D_err": [
      0.002289609477135554,
      0.004379938705658635,
      0.004961433549320359,
      0.005109541276895756
    ],
    "M_err": [
      0.002289609477135556,
      0.004864214005309314,
      0.006420518596283801,
      0.0074593871082114255
    ],
    "N": [
      4.0,
      4.0,
      4.0,
      4.0
    ],
    "ed_D": [
      0.018334024104366093,
      0.05628639897737418,
      0.08053420523803131,
      0.07466151234540999
    ],
    "ed_M": [
      0.4812900716143198,
      0.43871601392187715,
      0.40080003496842836,
      0.38631191253531866
    ]
  }
}