{
  "stage": "dynamics",
  "timestamp": 1784873972.1458957,
  "results": {
    "lattice": [
      2,
      2
    ],
    "t": 1.0,
    "U": 8.0,
    "dt": 0.05,
    "steps": 20,
    "order": 2,
    "ed": {
      "times": [
        0.05,
        0.1,
        0.15000000000000002,
        0.2,
        0.25,
        0.30000000000000004,
        0.35000000000000003,
        0.4,
        0.45,
        0.5,
        0.55,
        0.6000000000000001,
        0.65,
        0.7000000000000001,
        0.75,
        0.8,
        0.8500000000000001,
        0.9,
        0.9500000000000001,
        1.0
      ],
      "avg_double_occupancy": [
        0.0048927380349705375,
        0.01833402410436609,
        0.036970024436357614,
        0.05628639897737417,
        0.07186178539864321,
        0.08053420523803134,
        0.08114326541583439,
        0.07466151234541002,
        0.06372367979099489,
        0.051737112989671666,
        0.04186100044663454,
        0.03615519136050646,
        0.03512796344950709,
        0.03778252317728868,
        0.04211155465075962,
        0.04585865235768454,
        0.047292015873321706,
        0.04574300048746617,
        0.04175013282051707,
        0.036789716502442664
      ],
      "staggered_magnetization": [
        0.49508264770455446,
        0.4812900716143197,
        0.4612686872962095,
        0.43871601392187715,
        0.41750585154163156,
        0.40080003496842836,
        0.390372643846457,
        0.3863119125353186,
        0.387160095048944,
        0.3904319384513152,
        0.3933526482388672,
        0.39360481495045296,
        0.38988412906788145,
        0.3821299413586991,
        0.37139612957462076,
        0.3594290648856739,
        0.3480935763731744,
        0.33881650518939777,
        0.3321976342554336,
        0.32788016890230853
      ],
      "density_per_site": [
        [
          1.0000000000000002,
          1.0000000000000002,
          1.0000000000000004,
          0.9999999999999998,
          1.0,
          1.0000000000000002,
          1.0,
          1.0000000000000002,
          1.0000000000000004,
          1.0,
          1.0000000000000002,
          1.0000000000000002,
          1.0,
          1.0,
          1.0000000000000004,
          1.0000000000000002,
          1.0,
          1.0,
          0.9999999999999998,
          1.0000000000000004
        ],
        [
          1.0000000000000002,
          1.0,
          1.0000000000000004,
          0.9999999999999999,
          1.0,
          1.0000000000000002,
          0.9999999999999998,
          1.0,
          1.0000000000000004,
          1.0,
          1.0000000000000002,
          1.0,
          1.0,
          1.0,
          1.0000000000000004,
          1.0000000000000002,
          1.0,
          1.0,
          1.0,
          1.0000000000000002
        ],
        [
          1.0000000000000002,
          1.0000000000000002,
          1.0000000000000004,
          0.9999999999999998,
          1.0,
          1.0000000000000002,
          1.0,
          0.9999999999999999,
          1.0000000000000004,
          0.9999999999999999,
          1.0000000000000004,
          1.0000000000000002,
          1.0,
          1.0,
          1.0000000000000002,
          1.0000000000000002,
          1.0,
          1.0,
          0.9999999999999998,
          1.0000000000000002
        ],
        [
          1.0000000000000002,
          1.0000000000000002,
          1.0000000000000004,
          0.9999999999999999,
          1.0,
          1.0000000000000002,
          1.0,
          1.0,
          1.0000000000000004,
          1.0,
          1.0000000000000002,
          1.0000000000000002,
          0.9999999999999998,
          1.0,
          1.0000000000000004,
          1.0000000000000002,
          1.0,
          1.0,
          0.9999999999999999,
          1.0000000000000002
        ]
      ]
    },
    "trotter": {
      "times": [
        0.05,
        0.1,
        0.15000000000000002,
        0.2,
        0.25,
        0.30000000000000004,
        0.35000000000000003,
        0.4,
        0.45,
        0.5,
        0.55,
        0.6000000000000001,
        0.65,
        0.7000000000000001,
        0.75,
        0.8,
        0.8500000000000001,
        0.9,
        0.9500000000000001,
        1.0
      ],
      "avg_double_occupancy": [
        0.004762933867197552,
        0.01785433593574703,
        0.03602580863857489,
        0.05489967711708829,
        0.07017864579842063,
        0.07877433540825775,
        0.07952976391592731,
        0.07335435016820879,
        0.06277734537814089,
        0.05109388353288907,
        0.04137945951382792,
        0.03566284054751687,
        0.034480009112573,
        0.03690778438408819,
        0.04103109724982186,
        0.04467188612080791,
        0.04613590936589894,
        0.04473922596530458,
        0.04095902133535175,
        0.03618715124373982
      ],
      "staggered_magnetization": [
        0.4952130887531658,
        0.48178016325929207,
        0.4622615122936561,
        0.44023811353399067,
        0.41946891399696423,
        0.40303339272072175,
        0.39267649878328514,
        0.38851560229724813,
        0.38916885843052745,
        0.3922496164394167,
        0.39507520065690127,
        0.39538810388702755,
        0.3918965678094152,
        0.3845043372037068,
        0.37419447660276245,
        0.36262958035436443,
        0.3516024245339591,
        0.342499504626781,
        0.3359218419184488,
        0.33155299498619706
      ],
      "density_per_site": [
        [
          1.0,
          1.0,
          0.9999999999999998,
          1.0,
          1.0000000000000002,
          1.0,
          1.0000000000000004,
          1.0000000000000004,
          1.0000000000000002,
          1.0000000000000004,
          1.0000000000000002,
          1.0000000000000002,
          0.9999999999999998,
          0.9999999999999999,
          1.0000000000000002,
          1.0,
          1.0,
          1.0000000000000007,
          1.0000000000000004,
          1.0000000000000004
        ],
        [
          1.0,
          1.0,
          0.9999999999999999,
          1.0,
          0.9999999999999998,
          0.9999999999999998,
          1.0,
          1.0000000000000002,
          1.0,
          1.0000000000000002,
          1.0,
          1.0000000000000004,
          1.0000000000000002,
          1.0000000000000002,
          1.0000000000000004,
          1.0000000000000002,
          0.9999999999999998,
          1.0,
          0.9999999999999999,
          1.0
        ],
        [
          1.0,
          1.0,
          0.9999999999999999,
          1.0000000000000002,
          1.0,
          1.0,
          1.0000000000000002,
          1.0000000000000004,
          1.0,
          1.0000000000000002,
          1.0,
          1.0,
          1.0,
          1.0,
          1.0000000000000002,
          1.0000000000000002,
          1.0,
          1.0000000000000004,
          1.0000000000000002,
          1.0000000000000002
        ],
        [
          1.0000000000000002,
          1.0,
          0.9999999999999998,
          1.0,
          0.9999999999999998,
          0.9999999999999997,
          0.9999999999999999,
          1.0,
          0.9999999999999998,
          1.0,
          1.0,
          1.0000000000000002,
          1.0,
          1.0000000000000002,
          1.0000000000000002,
          1.0,
          0.9999999999999997,
          1.0,
          0.9999999999999998,
          1.0
        ]
      ],
      "order": 2,
      "dt": 0.05
    },