{
  "stage": "h2_run",
  "timestamp": 1784874330.9395676,
  "results": {
    "backend": "qnexus:H2-1LE",
    "lattice": [
      2,
      2
    ],
    "n_qubits": 8,
    "U": 8.0,
    "dt": 0.1,
    "steps": 4,
    "shots": 500,
    "times": [
      0.1,
      0.2,
      0.30000000000000004,
      0.4
    ],
    "D": [
      0.019,
      0.0485,
      0.0655,
      0.059
    ],
    "M": [
      0.481,
      0.4465,
      0.42,
      0.4035
    ],
    "D_err": [
      0.0031045183071771354,
      0.00451014420542945,
      0.0045513534074158625,
      0.005199438870961397
    ],
    "M_err": [
      0.0031045183071771384,
      0.005284631529445557,
      0.006163427552586301,
      0.007797190174871675
    ],
    "N": [
      4.0,
      4.0,
      4.0,
      4.0
    ],
    "ed_D": [
      0.018334024104366093,
      0.05628639897737418,
      0.08053420523803131,
      0.07466151234540999
    ],
    "ed_M": [
      0.4812900716143198,
      0.43871601392187715,
      0.40080003496842836,
      0.38631191253531866
    ]
  }
}