{
  "stage": "density_heatmap",
  "timestamp": 1784840227.0205555,
  "results": {
    "lattice": [
      3,
      4
    ],
    "n_qubits": 24,
    "sector_dim": 853776,
    "U": 4.0,
    "dt": 0.2,
    "steps": 10,
    "initial_state": "stripe",
    "times": [
      0.2,
      0.4,
      0.6000000000000001,
      0.8,
      1.0,
      1.2000000000000002,
      1.4000000000000001,
      1.6,
      1.8,
      2.0
    ],
    "density_per_site": [
      [
        1.8895386771609113,
        1.6524160990112071,
        1.454670157392516,
        1.357094462904768,
        1.3163084369333045,
        1.2820584401688664,
        1.2375864932787075,
        1.1899135480088077,
        1.1499057471156893,
        1.1219884423910724
      ],
      [
        0.9961953540587704,
        0.9562432370435882,
        0.8682738173064521,
        0.7900705883285024,
        0.7722265484206501,
        0.8044437315095567,
        0.8542349271939788,
        0.903493456197248,
        0.9451162104767317,
        0.9736915675806124
      ],
      [
        0.11426596878032044,
        0.3913406639452043,
        0.6770560253010325,
        0.8528349487667297,
        0.9114650146460459,
        0.9134978283215773,
        0.9081785795273135,
        0.9065929957939454,
        0.9049780424075791,
        0.9043199900283164
      ],
      [
        0.1142659687803205,
        0.3913406639452043,
        0.6770560253010326,
        0.85283494876673,
        0.9114650146460455,
        0.9134978283215771,
        0.9081785795273134,
        0.9065929957939451,
        0.9049780424075787,
        0.9043199900283165
      ],
      [
        0.99619535405877,
        0.9562432370435887,
        0.8682738173064524,
        0.7900705883285025,
        0.7722265484206505,
        0.804443731509557,
        0.8542349271939791,
        0.9034934561972477,
        0.9451162104767317,
        0.9736915675806117
      ],
      [
        1.8895386771609106,
        1.6524160990112071,
        1.4546701573925156,
        1.3570944629047679,
        1.316308436933304,
        1.282058440168866,
        1.237586493278708,
        1.1899135480088072,
        1.1499057471156893,
        1.1219884423910718
      ],
      [
        1.8895386771609108,
        1.652416099011207,
        1.454670157392515,
        1.3570944629047683,
        1.3163084369333036,
        1.282058440168866,
        1.2375864932787075,
        1.1899135480088066,
        1.1499057471156893,
        1.1219884423910722
      ],
      [
        0.9961953540587702,
        0.9562432370435883,
        0.8682738173064524,
        0.7900705883285021,
        0.7722265484206505,
        0.804443731509557,
        0.854234927193979,
        0.9034934561972479,
        0.9451162104767317,
        0.9736915675806119
      ],
      [
        0.11426596878032051,
        0.3913406639452043,
        0.6770560253010323,
        0.8528349487667297,
        0.9114650146460459,
        0.9134978283215774,
        0.9081785795273136,
        0.9065929957939456,
        0.9049780424075786,
        0.9043199900283162
      ],
      [
        0.11426596878032044,
        0.3913406639452043,
        0.6770560253010323,
        0.8528349487667299,
        0.9114650146460459,
        0.9134978283215773,
        0.9081785795273137,
        0.9065929957939456,
        0.9049780424075785,
        0.9043199900283163
      ],
      [
        0.9961953540587701,
        0.9562432370435887,
        0.8682738173064524,
        0.7900705883285022,
        0.7722265484206506,
        0.8044437315095568,
        0.8542349271939791,
        0.9034934561972479,
        0.9451162104767319,
        0.9736915675806119
      ],
      [
        1.8895386771609108,
        1.6524160990112065,
        1.4546701573925152,
        1.3570944629047683,
        1.3163084369333038,
        1.282058440168866,
        1.2375864932787073,
        1.189913548008807,
        1.1499057471156897,
        1.121988442391072
      ]
    ],
    "sites": [
      [
        0,
        0
      ],
      [
        1,
        0
      ],
      [
        2,
        0
      ],
      [
        2,
        1
      ],
      [
        1,
        1
      ],
      [
        0,
        1
      ],
      [
        0,
        2
      ],
      [
        1,
        2
      ],
      [
        2,
        2
      ],
      [
        2,
        3
      ],
      [
        1,
        3
      ],
      [
        0,
        3
      ]
    ],
    "avg_double_occupancy": [
      0.3291311247998891,
      0.3014104914803569,
      0.2822604824697243,
      0.29061862691450674,
      0.2960269253285397,
      0.2913141105590523,
      0.2904066552135579,
      0.29395429543329327,
      0.29433361987526724,
      0.2913740332190287
    ]
  }
}