{
  "stage": "dt_convergence",
  "timestamp": 1784777208.83765,
  "results": {
    "conv": {
      "dt": [
        0.4,
        0.2,
        0.1,
        0.05
      ],
      "dev_D": [
        84.75119775738924,
        29.539833099908886,
        8.787011629099306,
        2.168842750849131
      ],
      "dev_M": [
        30.129565518199907,
        13.805274004967941,
        3.0799826888665995,
        0.7522395867200119
      ],
      "order": 2
    }
  }
}