{
  "stage": "h2_run",
  "timestamp": 1784777354.3645265,
  "results": {
    "backend": "qnexus:H2-1LE",
    "lattice": [
      2,
      2
    ],
    "n_qubits": 8,
    "U": 8.0,
    "dt": 0.1,
    "steps": 4,
    "shots": 500,
    "times": [
      0.1,
      0.2,
      0.30000000000000004,
      0.4
    ],
    "D": [
      0.013,
      0.051,
      0.0755,
      0.0725
    ],
    "M": [
      0.487,
      0.444,
      0.4055,
      0.3815
    ],
    "D_err": [
      0.0025455202546501516,
      0.004888602656142985,
      0.005452573040667966,
      0.005283300109803648
    ],
    "M_err": [
      0.0025455202546501537,
      0.005367677318821896,
      0.007005686401759557,
      0.007990735841991182
    ],
    "N": [
      4.0,
      4.0,
      4.0,
      4.0
    ],
    "ed_D": [
      0.018334024104366093,
      0.05628639897737418,
      0.08053420523803131,
      0.07466151234540999
    ],
    "ed_M": [
      0.4812900716143198,
      0.43871601392187715,
      0.40080003496842836,
      0.38631191253531866
    ]
  }
}