{
  "stage": "dt_convergence",
  "saved_at": "2026-07-22T04:15:08.791123+00:00",
  "results": {
    "N": 6,
    "J": 1.0,
    "total_time": 20.0,
    "dt_values": [
      0.0125,
      0.025,
      0.05,
      0.1,
      0.2
    ],
    "initial_state": "000000",
    "error_data": {
      "0.5": {
        "dt_values": [
          0.0125,
          0.025,
          0.05,
          0.1,
          0.2
        ],
        "max_pct_z": [
          0.008313840400439731,
          0.033228814365006513,
          0.1328453074760091,
          0.5241230321439473,
          1.9905267190942968
        ],
        "max_pct_mzz": [
          0.018191133177583235,
          0.07277285339123907,
          0.29045944074349855,
          1.1590989511066625,
          4.468652076368089
        ]
      },
      "1.0": {
        "dt_values": [
          0.0125,
          0.025,
          0.05,
          0.1,
          0.2
        ],
        "max_pct_z": [
          0.10225697865531191,
          0.40929515902795804,
          1.6402865050375681,
          6.6274541536189595,
          25.981587255854432
        ],
        "max_pct_mzz": [
          0.19303238428629535,
          0.7736622886932716,
          3.11677316598167,
          12.662509805129035,
          50.5266425054346
        ]
      },
      "2.0": {
        "dt_values": [
          0.0125,
          0.025,
          0.05,
          0.1,
          0.2
        ],
        "max_pct_z": [
          0.2969978978761858,
          1.1912111532504384,
          4.771657912014296,
          19.048011351548734,
          45.542666162113285
        ],
        "max_pct_mzz": [
          0.5232455050137913,
          2.0998731215509134,
          8.463118949107825,
          31.75289320968644,
          76.2982231969371
        ]
      }
    }
  }
}