{
  "stage": "dt_convergence",
  "saved_at": "2026-07-21T20:06:06.216261+00:00",
  "results": {
    "N": 6,
    "J": 1.0,
    "total_time": 20.0,
    "dt_values": [
      0.0125,
      0.025,
      0.05,
      0.1,
      0.2
    ],
    "initial_state": "000000",
    "error_data": {
      "0.5": {
        "dt_values": [
          0.0125,
          0.025,
          0.05,
          0.1,
          0.2
        ],
        "max_pct_z": [
          0.008313840400439735,
          0.033228814364973214,
          0.13284530747597587,
          0.5241230321439584,
          1.9905267190942977
        ],
        "max_pct_mzz": [
          0.018191133177583255,
          0.07277285339123911,
          0.29045944074346547,
          1.1590989511066292,
          4.46865207636806
        ]
      },
      "1.0": {
        "dt_values": [
          0.0125,
          0.025,
          0.05,
          0.1,
          0.2
        ],
        "max_pct_z": [
          0.10225697865555616,
          0.4092951590282023,
          1.6402865050378124,
          6.627454153619317,
          25.981587255854777
        ],
        "max_pct_mzz": [
          0.19303238428736155,
          0.7736622886943392,
          3.1167731659827416,
          12.662509805130126,
          50.526642505434246
        ]
      },
      "2.0": {
        "dt_values": [
          0.0125,
          0.025,
          0.05,
          0.1,
          0.2
        ],
        "max_pct_z": [
          0.29699789787655273,
          1.191211153250506,
          4.7716579120142235,
          19.04801135154871,
          45.54266616211308
        ],
        "max_pct_mzz": [
          0.5232455050143261,
          2.0998731215508712,
          8.463118949107852,
          31.752893209686672,
          76.29822319693803
        ]
      }
    }
  }
}