{
  "stage": "ed",
  "saved_at": "2026-07-20T00:32:09.528420+00:00",
  "results": {
    "N": 6,
    "J": 1.0,
    "ed_results": [
      {
        "h": 0.5,
        "mz_rms": 0.9699142894779387,
        "mx": 0.26519796750637653,
        "mzz": 0.9315167768474243,
        "energy": -1.0641157606006129
      },
      {
        "h": 1.0,
        "mz_rms": 0.8132197759422403,
        "mx": 0.6439505508593789,
        "mzz": 0.643950550859379,
        "energy": -1.2879011017187587
      },
      {
        "h": 2.0,
        "mz_rms": 0.5541731290924363,
        "mx": 0.931516776847424,
        "mzz": 0.26519796750637664,
        "energy": -2.1282315212012235
      }
    ]
  }
}