{
  "stage": "ed",
  "saved_at": "2026-07-21T02:28:32.678172+00:00",
  "results": {
    "N": 6,
    "J": 1.0,
    "ed_results": [
      {
        "h": 0.5,
        "mz_rms": 0.9699142894779383,
        "mx": 0.2651979675063768,
        "mzz": 0.9315167768474238,
        "energy": -1.0641157606006122
      },
      {
        "h": 1.0,
        "mz_rms": 0.8132197759422404,
        "mx": 0.6439505508593789,
        "mzz": 0.6439505508593794,
        "energy": -1.2879011017187587
      },
      {
        "h": 2.0,
        "mz_rms": 0.5541731290924361,
        "mx": 0.9315167768474243,
        "mzz": 0.2651979675063765,
        "energy": -2.1282315212012257
      }
    ]
  }
}