{
  "stage": "ed",
  "saved_at": "2026-07-23T05:14:41.836371+00:00",
  "results": {
    "N": 20,
    "J": 1.0,
    "ed_results": [
      {
        "h": 0.5,
        "mz_rms": 0.9666862235016417,
        "mx": 0.25865811626447555,
        "mzz": 0.9342153572137433,
        "energy": -1.0635444153459672
      },
      {
        "h": 1.0,
        "mz_rms": 0.7033194172344995,
        "mx": 0.6372747421591145,
        "mzz": 0.6372747421591183,
        "energy": -1.274549484318237
      },
      {
        "h": 2.0,
        "mz_rms": 0.3051659667342946,
        "mx": 0.9342153572137276,
        "mzz": 0.25865811626447377,
        "energy": -2.127088830691927
      }
    ]
  }
}