{
  "stage": "ed_runtime_scaling",
  "saved_at": "2026-07-21T20:03:56.813430+00:00",
  "results": {
    "timings": [
      {
        "N": 6,
        "dim": 64,
        "time_s": 0.004066399997100234
      },
      {
        "N": 8,
        "dim": 256,
        "time_s": 0.006371299969032407
      },
      {
        "N": 10,
        "dim": 1024,
        "time_s": 0.015032399911433458
      },
      {
        "N": 12,
        "dim": 4096,
        "time_s": 0.044591099955141544
      }
    ]
  }
}