{
  "stage": "ed_runtime_scaling",
  "saved_at": "2026-07-21T20:30:14.274245+00:00",
  "results": {
    "timings": [
      {
        "N": 6,
        "dim": 64,
        "time_s": 0.007141000009141862
      },
      {
        "N": 8,
        "dim": 256,
        "time_s": 0.007208800059743226
      },
      {
        "N": 10,
        "dim": 1024,
        "time_s": 0.0125108000356704
      },
      {
        "N": 12,
        "dim": 4096,
        "time_s": 0.03844469995237887
      }
    ]
  }
}