{
  "stage": "ed_runtime_scaling",
  "saved_at": "2026-07-23T05:14:42.872480+00:00",
  "results": {
    "timings": [
      {
        "N": 6,
        "dim": 64,
        "time_s": 0.022509740000259626
      },
      {
        "N": 8,
        "dim": 256,
        "time_s": 0.00707168000008096
      },
      {
        "N": 10,
        "dim": 1024,
        "time_s": 0.01245431000006647
      },
      {
        "N": 12,
        "dim": 4096,
        "time_s": 0.12095017000001462
      }
    ]
  }
}