{
  "stage": "ed_runtime_scaling",
  "saved_at": "2026-07-22T04:14:45.638744+00:00",
  "results": {
    "timings": [
      {
        "N": 6,
        "dim": 64,
        "time_s": 0.0024711039986868855
      },
      {
        "N": 8,
        "dim": 256,
        "time_s": 0.0031867910001892596
      },
      {
        "N": 10,
        "dim": 1024,
        "time_s": 0.005522494000615552
      },
      {
        "N": 12,
        "dim": 4096,
        "time_s": 0.058266316998924594
      }
    ]
  }
}