{
  "stage": "h2_emulator_noisy_N8",
  "saved_at": "2026-07-22T02:05:07.060275+00:00",
  "results": {
    "0.5": {
      "times": [
        0.1,
        0.2,
        0.30000000000000004,
        0.4,
        0.5
      ],
      "z_h2": [
        0.9956153875869939,
        0.981389321319526,
        0.9737171047075224,
        0.9332403227465046,
        0.9222933372848359
      ],
      "z_err": [
        0.0021567230236995225,
        0.0048174148123606795,
        0.005340586075205139,
        0.008011635298010852,
        0.009046189600072627
      ],
      "x_h2": [
        -0.03625,
        0.06875,
        0.16875,
        0.26875,
        0.28625
      ],
      "x_err": [
        0.02677295911507126,
        0.024421803996591815,
        0.024532457917858363,
        0.026068885295127804,
        0.020060422990818776
      ],
      "mzz_h2": [
        0.99,
        0.9625,
        0.94,
        0.8575,
        0.8325
      ],
      "mzz_err": [
        0.0049052018057114425,
        0.009181170616751114,
        0.012139515758169373,
        0.01638031619073663,
        0.01904595080304452
      ],
      "z_ed": [
        0.9956879221926257,
        0.9834866766532095,
        0.9654553119128471,
        0.9445675080914562,
        0.92411966996851
      ],
      "x_ed": [
        0.019669232733807336,
        0.07482867347192193,
        0.15480418882965788,
        0.24449140239085992,
        0.3276846415636792
      ],
      "mzz_ed": [
        0.9901653836330939,
        0.9625856632640369,
        0.9225979055851685,
        0.8777542988045675,
        0.8361576792181579
      ]
    },
    "1.0": {
      "times": [
        0.1,
        0.2,
        0.30000000000000004,
        0.4,
        0.5
      ],
      "z_h2": [
        0.9807522622966516,
        0.9312290266094587,
        0.8604141444676512,
        0.8098996851462531,
        0.7414091313168458
      ],
      "z_err": [
        0.004816980761280996,
        0.008448925683196648,
        0.011684095253391025,
        0.014713364862314988,
        0.016310571405070896
      ],
      "x_h2": [
        0.09125,
        0.145,
        0.27,
        0.4125,
        0.5325
      ],
      "x_err": [
        0.02198303203490018,
        0.0249427138642212,
        0.0228132314560425,
        0.019628556339526704,
        0.019595664285979406
      ],
      "mzz_h2": [
        0.9575,
        0.855,
        0.695,
        0.62,
        0.535
      ],
      "mzz_err": [
        0.010593144703756049,
        0.017003797491417297,
        0.024672178869328914,
        0.027489337158385745,
        0.02597160696064297
      ],
      "z_ed": [
        0.9828106039984982,
        0.9348323211757822,
        0.8658618389214857,
        0.7892922858422772,
        0.7185935137482717
      ],
      "x_ed": [
        0.03894744238228731,
        0.14381504046144977,
        0.2832561382575292,
        0.4183302347560928,
        0.5165108320058884
      ],
      "mzz_ed": [
        0.9610525576177148,
        0.856184959538552,
        0.7167438617424727,
        0.5816697652439086,
        0.4834891679941132
      ]
    },
    "2.0": {
      "times": [
        0.1,
        0.2,
        0.30000000000000004,
        0.4,
        0.5
      ],
      "z_h2": [
        0.9357483636106451,
        0.7576691230345869,
        0.5388065515563076,
        0.41720798170696594,
        0.46300647943630335
      ],
      "z_err": [
        0.008211479219605043,
        0.014559761542043163,
        0.01728870373680954,
        0.018934031031947355,
        0.02019167107601006
      ],
      "x_h2": [
        0.09125,
        0.2575,
        0.37875,
        0.44875,
        0.36375
      ],
      "x_err": [
        0.025922943003717266,
        0.02396659098455433,
        0.021071157529123006,
        0.02190201413622097,
        0.025226510769339378
      ],
      "mzz_h2": [
        0.86,
        0.5375,
        0.2175,
        0.1425,
        0.2625
      ],
      "mzz_err": [
        0.017531844150268656,
        0.02529076111147306,
        0.027399328768547726,
        0.0261633717632499,
        0.022655391422584395
      ],
      "z_ed": [
        0.9321932056988969,
        0.7542092102716796,
        0.5396372630894147,
        0.41356544895322506,
        0.4643946795995305
      ],
      "x_ed": [
        0.07482867347192204,
        0.2444914023908602,
        0.39052785653259053,
        0.42669215308921926,
        0.3591329708509414
      ],
      "mzz_ed": [
        0.8503426530561559,
        0.5110171952182794,
        0.21894428693481893,
        0.1466156938215613,
        0.28173405829811704
      ]
    }
  }
}