{
  "stage": "h2_emulator",
  "saved_at": "2026-07-22T01:44:47.342272+00:00",
  "results": {
    "0.5": {
      "times": [
        0.1,
        0.2,
        0.30000000000000004,
        0.4,
        0.5
      ],
      "z_h2": [
        0.9924716620639604,
        0.9905806378079475,
        0.9714679613862723,
        0.95,
        0.9266876496425319
      ],
      "z_err": [
        0.0038251069377114055,
        0.004126034824853232,
        0.007026991606820103,
        0.009389482465382808,
        0.011497963323809658
      ],
      "x_h2": [
        0.0475,
        0.075,
        0.1325,
        0.2675,
        0.33
      ],
      "x_err": [
        0.033366839016393895,
        0.03526881574938921,
        0.03393893110860734,
        0.03311427985825043,
        0.03234613961120782
      ],
      "mzz_h2": [
        0.98,
        0.975,
        0.925,
        0.865,
        0.815
      ],
      "mzz_err": [
        0.010112875221481053,
        0.010892338731560054,
        0.01818841164913302,
        0.025506755371265285,
        0.02787634643726989
      ],
      "z_ed": [
        0.9963051384065068,
        0.985866463762065,
        0.9705054563209148,
        0.9528831558960009,
        0.9359880253365176
      ],
      "x_ed": [
        0.019669232733807336,
        0.07482867347191999,
        0.15480418882911207,
        0.24449140236145941,
        0.32768464092967053
      ],
      "mzz_ed": [
        0.9901653836330965,
        0.9625856632640403,
        0.9225979055854443,
        0.8777542988192708,
        0.8361576795351651
      ]
    },
    "1.0": {
      "times": [
        0.1,
        0.2,
        0.30000000000000004,
        0.4,
        0.5
      ],
      "z_h2": [
        0.9924716620639604,
        0.9414085191881365,
        0.8930285549745876,
        0.8093207028119322,
        0.7574628703771559
      ],
      "z_err": [
        0.0038490668241905382,
        0.010707743051593962,
        0.013447092815070921,
        0.01744853896363613,
        0.018255358907496327
      ],
      "x_h2": [
        0.0025,
        0.1475,
        0.265,
        0.4675,
        0.4925
      ],
      "x_err": [
        0.03530614277243363,
        0.03683350989521907,
        0.03277609595751477,
        0.028539334147691556,
        0.02507781071665428
      ],
      "mzz_h2": [
        0.98,
        0.845,
        0.735,
        0.54,
        0.435
      ],
      "mzz_err": [
        0.010171402677725063,
        0.02794893097674297,
        0.031356716085133095,
        0.038515553323921585,
        0.037931996208166216
      ],
      "z_ed": [
        0.9852855913376024,
        0.9444779939494309,
        0.8868988966650384,
        0.8257955254830065,
        0.7749138203918481
      ],
      "x_ed": [
        0.038947442382287284,
        0.14381504046120624,
        0.2832561381898366,
        0.4183302311988396,
        0.5165107577078036
      ],
      "mzz_ed": [
        0.96105255761771,
        0.856184959538791,
        0.7167438618101606,
        0.5816697688011578,
        0.4834892422921937
      ]
    },
    "2.0": {
      "times": [
        0.1,
        0.2,
        0.30000000000000004,
        0.4,
        0.5
      ],
      "z_h2": [
        0.9447221813845592,
        0.7673004626611403,
        0.6214901447328026,
        0.5787918451395113,
        0.5968668193156661
      ],
      "z_err": [
        0.009882767423455709,
        0.018703687685899296,
        0.02179944805751896,
        0.022451246618278034,
        0.022245382056173855
      ],
      "x_h2": [
        0.0375,
        0.215,
        0.38,
        0.44,
        0.3575
      ],
      "x_err": [
        0.035247141085550535,
        0.03355136790114582,
        0.029192870682731745,
        0.03198835929100038,
        0.03619839670377576
      ],
      "mzz_h2": [
        0.86,
        0.455,
        0.205,
        0.145,
        0.225
      ],
      "mzz_err": [
        0.02414897871905091,
        0.039277636547184615,
        0.038428316519339104,
        0.0361650893637592,
        0.03125867887491417
      ],
      "z_ed": [
        0.9421946388527567,
        0.7949498318518534,
        0.6358314688066218,
        0.5738276713434799,
        0.639444403125504
      ],
      "x_ed": [
        0.07482867347192051,
        0.2444914023614602,
        0.39052784890488024,
        0.4266917908269811,
        0.3591263466830316
      ],
      "mzz_ed": [
        0.8503426530561615,
        0.5110171952770826,
        0.21894430219024233,
        0.1466164183460403,
        0.2817473066339393
      ]
    }
  }
}