{
  "stage": "h2_emulator_noisy_N8_scale5",
  "saved_at": "2026-07-22T20:23:03.173432+00:00",
  "results": {
    "0.5": {
      "times": [
        0.1,
        0.2,
        0.30000000000000004,
        0.4,
        0.5
      ],
      "z_h2": [
        0.9852823199469277,
        0.966388250135524,
        0.9375666642964648,
        0.9087938435090765,
        0.8858964386428021
      ],
      "z_err": [
        0.0014044829908784978,
        0.0019175667353781968,
        0.002751377666635818,
        0.003190259992868573,
        0.0035785749778388456
      ],
      "x_h2": [
        0.0185,
        0.060375,
        0.158875,
        0.231625,
        0.310125
      ],
      "x_err": [
        0.007829454816403061,
        0.007666750349417627,
        0.007744609167586099,
        0.007727286753443602,
        0.007486853944213281
      ],
      "mzz_h2": [
        0.9705,
        0.931,
        0.87625,
        0.81925,
        0.7765
      ],
      "mzz_err": [
        0.0026888938059915772,
        0.0038912017280511683,
        0.005203431122388897,
        0.006090056339946593,
        0.006615341463611698
      ],
      "z_ed": [
        0.9956879221926273,
        0.9834866766532112,
        0.9654553119128487,
        0.9445675080914578,
        0.9241196699685115
      ],
      "x_ed": [
        0.019669232733807454,
        0.0748286734719222,
        0.1548041888296582,
        0.24449140239086053,
        0.32768464156368005
      ],
      "mzz_ed": [
        0.990165383633097,
        0.9625856632640403,
        0.9225979055851719,
        0.8777542988045707,
        0.8361576792181606
      ]
    },
    "1.0": {
      "times": [
        0.1,
        0.2,
        0.30000000000000004,
        0.4,
        0.5
      ],
      "z_h2": [
        0.971516211907964,
        0.919578707887476,
        0.8472934851631989,
        0.7635239027037726,
        0.6979657942908091
      ],
      "z_err": [
        0.001844675914309699,
        0.0030719175190427376,
        0.0039891662464876035,
        0.004816865647579817,
        0.005410181373031643
      ],
      "x_h2": [
        0.0535,
        0.152125,
        0.2735,
        0.404625,
        0.497375
      ],
      "x_err": [
        0.008205431378306939,
        0.007735387260858402,
        0.00701241453745749,
        0.006880303667930503,
        0.006026954262119273
      ],
      "mzz_h2": [
        0.94075,
        0.83,
        0.69075,
        0.55,
        0.4635
      ],
      "mzz_err": [
        0.003716214766356979,
        0.006285720341990866,
        0.007615905840526897,
        0.008571617620299489,
        0.008649801837141808
      ],
      "z_ed": [
        0.9828106039984974,
        0.9348323211757819,
        0.865861838921485,
        0.7892922858422768,
        0.7185935137482717
      ],
      "x_ed": [
        0.038947442382287575,
        0.14381504046144977,
        0.28325613825752877,
        0.4183302347560921,
        0.5165108320058872
      ],
      "mzz_ed": [
        0.9610525576177131,
        0.8561849595385507,
        0.7167438617424714,
        0.5816697652439082,
        0.4834891679941131
      ]
    },
    "2.0": {
      "times": [
        0.1,
        0.2,
        0.30000000000000004,
        0.4,
        0.5
      ],
      "z_h2": [
        0.9245269060443834,
        0.7428828979051812,
        0.5456647322303321,
        0.41810584784238547,
        0.4552128622963108
      ],
      "z_err": [
        0.002722211325366496,
        0.004729901152614399,
        0.00582285658244389,
        0.005865114507943289,
        0.005937934812609279
      ],
      "x_h2": [
        0.069,
        0.260375,
        0.382875,
        0.418625,
        0.324
      ],
      "x_err": [
        0.007896309673287671,
        0.007237054279341986,
        0.007134823873909693,
        0.007045990289992364,
        0.007890472196832646
      ],
      "mzz_h2": [
        0.84025,
        0.49375,
        0.2325,
        0.142,
        0.26525
      ],
      "mzz_err": [
        0.005629072855383128,
        0.008490642025312455,
        0.008626073561162257,
        0.008071131277435495,
        0.007101849425696473
      ],
      "z_ed": [
        0.9321932056988966,
        0.7542092102716794,
        0.5396372630894142,
        0.41356544895322456,
        0.46439467959953057
      ],
      "x_ed": [
        0.07482867347192199,
        0.24449140239086026,
        0.3905278565325904,
        0.4266921530892195,
        0.35913297085094154
      ],
      "mzz_ed": [
        0.8503426530561556,
        0.511017195218279,
        0.21894428693481868,
        0.14661569382156112,
        0.28173405829811726
      ]
    }
  }
}