{
  "stage": "h2_emulator",
  "saved_at": "2026-07-21T04:22:09.997801+00:00",
  "results": {
    "0.5": {
      "times": [
        0.1,
        0.2,
        0.30000000000000004,
        0.4,
        0.5
      ],
      "z_h2": [
        0.9943590900675671,
        0.9867877177995276,
        0.9740379869389079,
        0.9513148795220224,
        0.9453835200594519
      ],
      "z_err": [
        0.003249672044674904,
        0.004808501961257992,
        0.007055019743951889,
        0.009367105873246344,
        0.009691744480538507
      ],
      "mzz_h2": [
        0.985,
        0.965,
        0.935,
        0.875,
        0.86
      ],
      "mzz_err": [
        0.008606500267056696,
        0.01264350656496284,
        0.017385598466375354,
        0.023378332841467703,
        0.024032241856486242
      ],
      "z_ed": [
        0.996305138406507,
        0.9858664637620651,
        0.9705054563209149,
        0.9528831558960013,
        0.9359880253365176
      ],
      "mzz_ed": [
        0.990165383633097,
        0.9625856632640406,
        0.9225979055854445,
        0.8777542988192713,
        0.8361576795351653
      ]
    },
    "1.0": {
      "times": [
        0.1,
        0.2,
        0.30000000000000004,
        0.4,
        0.5
      ],
      "z_h2": [
        0.9886859966642595,
        0.9433981132056604,
        0.8696263565463043,
        0.84335638967165,
        0.7818247885555945
      ],
      "z_err": [
        0.004547912264111192,
        0.00992108359361824,
        0.014804480700879414,
        0.01619200019713221,
        0.018900341297212596
      ],
      "mzz_h2": [
        0.97,
        0.855,
        0.66,
        0.625,
        0.495
      ],
      "mzz_err": [
        0.01198454126069202,
        0.024615479313265916,
        0.03776097013936302,
        0.03606695440704969,
        0.03941726551678618
      ],
      "z_ed": [
        0.9852855913376035,
        0.944477993949432,
        0.8868988966650396,
        0.8257955254830075,
        0.7749138203918491
      ],
      "mzz_ed": [
        0.9610525576177122,
        0.8561849595387931,
        0.7167438618101627,
        0.5816697688011592,
        0.48348924229219503
      ]
    },
    "2.0": {
      "times": [
        0.1,
        0.2,
        0.30000000000000004,
        0.4,
        0.5
      ],
      "z_h2": [
        0.9394147114027968,
        0.7976528066771909,
        0.6184658438426491,
        0.5916079783099616,
        0.6373774391990981
      ],
      "z_err": [
        0.009965563473271035,
        0.017947223884641893,
        0.022462785293730154,
        0.022427783392984697,
        0.021793806066960485
      ],
      "mzz_h2": [
        0.845,
        0.525,
        0.205,
        0.195,
        0.275
      ],
      "mzz_err": [
        0.02463452780062894,
        0.03812135376154174,
        0.039223620337653586,
        0.03483375037467492,
        0.03355614384564755
      ],
      "z_ed": [
        0.9421946388527563,
        0.7949498318518529,
        0.6358314688066214,
        0.5738276713434797,
        0.6394444031255035
      ],
      "mzz_ed": [
        0.8503426530561609,
        0.5110171952770819,
        0.2189443021902419,
        0.14661641834604006,
        0.28174730663393915
      ]
    }
  }
}