{
  "stage": "h2_emulator_N6",
  "saved_at": "2026-07-22T01:52:42.437067+00:00",
  "results": {
    "0.5": {
      "times": [
        0.1,
        0.2,
        0.30000000000000004,
        0.4,
        0.5
      ],
      "z_h2": [
        0.9986101452630162,
        0.9803627446568495,
        0.9632122184533259,
        0.9472181492255215,
        0.929157324317757
      ],
      "z_err": [
        0.0013448741079970118,
        0.005194378240719553,
        0.006613893352196755,
        0.00872459270267578,
        0.009625049718353791
      ],
      "x_h2": [
        0.025,
        0.05,
        0.17333333333333334,
        0.22666666666666666,
        0.285
      ],
      "x_err": [
        0.02916607945450163,
        0.025721249849198928,
        0.02816600134852831,
        0.02423856419231998,
        0.027022740282607725
      ],
      "mzz_h2": [
        0.9966666666666667,
        0.9533333333333333,
        0.9133333333333334,
        0.87,
        0.8366666666666666
      ],
      "mzz_err": [
        0.003221050147536019,
        0.012208792330354445,
        0.015283825720741351,
        0.02146866251392489,
        0.021462757018326336
      ],
      "z_ed": [
        0.9958937034335463,
        0.984280578336659,
        0.9671416232959951,
        0.9473474973923222,
        0.9280926100504422
      ],
      "x_ed": [
        0.01966923273380773,
        0.07482867347192261,
        0.15480418882965877,
        0.2444914023908614,
        0.32768464156368093
      ],
      "mzz_ed": [
        0.990165383633098,
        0.9625856632640409,
        0.9225979055851732,
        0.8777542988045717,
        0.8361576792181619
      ]
    },
    "1.0": {
      "times": [
        0.1,
        0.2,
        0.30000000000000004,
        0.4,
        0.5
      ],
      "z_h2": [
        0.9795123503276743,
        0.9219544457292889,
        0.8828615092099352,
        0.8198915917499229,
        0.697614984548545
      ],
      "z_err": [
        0.005434182837316319,
        0.010092216337378493,
        0.013133401342758748,
        0.014682892606396922,
        0.018408048009774126
      ],
      "x_h2": [
        -0.0016666666666666668,
        0.16666666666666666,
        0.27166666666666667,
        0.4583333333333333,
        0.5183333333333333
      ],
      "x_err": [
        0.029352249139197657,
        0.028485533961811808,
        0.024076638656037885,
        0.021876054465584133,
        0.021771540801646692
      ],
      "mzz_h2": [
        0.9500000000000001,
        0.82,
        0.75,
        0.6266666666666666,
        0.4266666666666667
      ],
      "mzz_err": [
        0.013391099008063345,
        0.02265308038523301,
        0.02688115090638474,
        0.028190072566462346,
        0.030844653117830533
      ],
      "z_ed": [
        0.9836362917191134,
        0.9380585654644937,
        0.8729304888021163,
        0.8016438249187362,
        0.737834813751436
      ],
      "x_ed": [
        0.038947442382287395,
        0.14381504046144974,
        0.2832561382575288,
        0.41833023475609227,
        0.5165108320058858
      ],
      "mzz_ed": [
        0.9610525576177124,
        0.8561849595385501,
        0.7167438617424713,
        0.5816697652439077,
        0.4834891679941143
      ]
    },
    "2.0": {
      "times": [
        0.1,
        0.2,
        0.30000000000000004,
        0.4,
        0.5
      ],
      "z_h2": [
        0.9294562329065791,
        0.8024268744807149,
        0.5537749241945383,
        0.47434164902525694,
        0.5451809077932042
      ],
      "z_err": [
        0.009885502898951171,
        0.01649006846315428,
        0.020687860049914995,
        0.0197471190777562,
        0.02118359851906854
      ],
      "x_h2": [
        0.10833333333333334,
        0.19833333333333333,
        0.40166666666666667,
        0.46166666666666667,
        0.36666666666666664
      ],
      "x_err": [
        0.030425464764377068,
        0.026993181827982635,
        0.022234900725092054,
        0.02344782904232093,
        0.029668698779063404
      ],
      "mzz_h2": [
        0.84,
        0.5733333333333334,
        0.19999999999999998,
        0.18333333333333335,
        0.31
      ],
      "mzz_err": [
        0.021776623276378755,
        0.03343093818048826,
        0.032630207841770335,
        0.027781635567950026,
        0.026712589753526878
      ],
      "z_ed": [
        0.9355388969050874,
        0.7680294988887356,
        0.573488796998241,
        0.4728797825678279,
        0.5281947354362523
      ],
      "x_ed": [
        0.07482867347192197,
        0.2444914023908605,
        0.3905278565325909,
        0.42669215308919783,
        0.3591329708483872
      ],
      "mzz_ed": [
        0.8503426530561566,
        0.5110171952182796,
        0.21894428693481915,
        0.14661569382160497,
        0.281734058303226
      ]
    }
  }
}