{
  "stage": "h2_emulator_N8",
  "saved_at": "2026-07-22T02:00:42.728486+00:00",
  "results": {
    "0.5": {
      "times": [
        0.1,
        0.2,
        0.30000000000000004,
        0.4,
        0.5
      ],
      "z_h2": [
        0.9978101021737553,
        0.9826622003516773,
        0.9692135987490064,
        0.9405782795706055,
        0.9144670579085942
      ],
      "z_err": [
        0.0014880046308040709,
        0.004375610738116994,
        0.005466382400197766,
        0.007651251761598136,
        0.009427976409993996
      ],
      "x_h2": [
        -0.01625,
        0.11125,
        0.19,
        0.235,
        0.3475
      ],
      "x_err": [
        0.023856347399565356,
        0.025360785040202432,
        0.024362435771371756,
        0.022906430282745898,
        0.02248717014785895
      ],
      "mzz_h2": [
        0.995,
        0.96,
        0.93,
        0.865,
        0.8075
      ],
      "mzz_err": [
        0.0033919176147284478,
        0.010166974039069404,
        0.012331374885087079,
        0.01716208702288218,
        0.020692993378797927
      ],
      "z_ed": [
        0.9956879221926257,
        0.9834866766532095,
        0.9654553119128471,
        0.9445675080914562,
        0.92411966996851
      ],
      "x_ed": [
        0.019669232733807336,
        0.07482867347192193,
        0.15480418882965788,
        0.24449140239085992,
        0.3276846415636792
      ],
      "mzz_ed": [
        0.9901653836330939,
        0.9625856632640369,
        0.9225979055851685,
        0.8777542988045675,
        0.8361576792181579
      ]
    },
    "1.0": {
      "times": [
        0.1,
        0.2,
        0.30000000000000004,
        0.4,
        0.5
      ],
      "z_h2": [
        0.9912113800799505,
        0.941242529850835,
        0.85,
        0.7818247885555945,
        0.746240577829965
      ],
      "z_err": [
        0.0030778324117459854,
        0.007425135443553466,
        0.011499753128840448,
        0.014997770096938057,
        0.015529070788199654
      ],
      "x_h2": [
        0.0425,
        0.1125,
        0.26125,
        0.3925,
        0.53875
      ],
      "x_err": [
        0.024184140415727983,
        0.023127129362505196,
        0.02315201848024724,
        0.02191129624967087,
        0.01693399860476687
      ],
      "mzz_h2": [
        0.98,
        0.87,
        0.69,
        0.58,
        0.5375
      ],
      "mzz_err": [
        0.00696941651191236,
        0.01602238174294685,
        0.022519015988294894,
        0.026802711226274836,
        0.026634589260867068
      ],
      "z_ed": [
        0.9828106039984982,
        0.9348323211757822,
        0.8658618389214857,
        0.7892922858422772,
        0.7185935137482717
      ],
      "x_ed": [
        0.03894744238228731,
        0.14381504046144977,
        0.2832561382575292,
        0.4183302347560928,
        0.5165108320058884
      ],
      "mzz_ed": [
        0.9610525576177148,
        0.856184959538552,
        0.7167438617424727,
        0.5816697652439086,
        0.4834891679941132
      ]
    },
    "2.0": {
      "times": [
        0.1,
        0.2,
        0.30000000000000004,
        0.4,
        0.5
      ],
      "z_h2": [
        0.9374166629626337,
        0.7794228634059948,
        0.5205165703414253,
        0.422418631217895,
        0.4290250575432628
      ],
      "z_err": [
        0.008014390949673081,
        0.01541267856874058,
        0.018709529255904717,
        0.019666240798230837,
        0.016867036980052146
      ],
      "x_h2": [
        0.03,
        0.21375,
        0.36125,
        0.45875,
        0.35375
      ],
      "x_err": [
        0.024912489198302835,
        0.02333665128168656,
        0.021081263437128375,
        0.02137315267819433,
        0.024576491610426767
      ],
      "mzz_h2": [
        0.86,
        0.545,
        0.2075,
        0.1175,
        0.2575
      ],
      "mzz_err": [
        0.017884077841483475,
        0.02919560383488041,
        0.02726437400418062,
        0.025679624936647476,
        0.020850289646149486
      ],
      "z_ed": [
        0.9321932056988969,
        0.7542092102716796,
        0.5396372630894147,
        0.41356544895322506,
        0.4643946795995305
      ],
      "x_ed": [
        0.07482867347192204,
        0.2444914023908602,
        0.39052785653259053,
        0.42669215308921926,
        0.3591329708509414
      ],
      "mzz_ed": [
        0.8503426530561559,
        0.5110171952182794,
        0.21894428693481893,
        0.1466156938215613,
        0.28173405829811704
      ]
    }
  }
}