{
  "stage": "h2_emulator_noisy",
  "saved_at": "2026-07-22T01:49:37.059470+00:00",
  "results": {
    "0.5": {
      "times": [
        0.1,
        0.2,
        0.30000000000000004,
        0.4,
        0.5
      ],
      "z_h2": [
        0.9943590900675671,
        0.9804335775563789,
        0.982980162566875,
        0.9637167633698192,
        0.9266876496425319
      ],
      "z_err": [
        0.0032322067712283226,
        0.006443719769677984,
        0.005613476519090264,
        0.008254134708430802,
        0.010963908356353325
      ],
      "x_h2": [
        0.075,
        0.0725,
        0.19,
        0.2425,
        0.3375
      ],
      "x_err": [
        0.03611174673152771,
        0.03143192232016268,
        0.03275995443547831,
        0.033548843495713826,
        0.030632102861633995
      ],
      "mzz_h2": [
        0.985,
        0.95,
        0.955,
        0.905,
        0.81
      ],
      "mzz_err": [
        0.008563650571520958,
        0.016240736945611053,
        0.014693791461277349,
        0.02118801623635475,
        0.027803827575134808
      ],
      "z_ed": [
        0.9963051384065068,
        0.985866463762065,
        0.9705054563209148,
        0.9528831558960009,
        0.9359880253365176
      ],
      "x_ed": [
        0.019669232733807336,
        0.07482867347191999,
        0.15480418882911207,
        0.24449140236145941,
        0.32768464092967053
      ],
      "mzz_ed": [
        0.9901653836330965,
        0.9625856632640403,
        0.9225979055854443,
        0.8777542988192708,
        0.8361576795351651
      ]
    },
    "1.0": {
      "times": [
        0.1,
        0.2,
        0.30000000000000004,
        0.4,
        0.5
      ],
      "z_h2": [
        0.9746794344808963,
        0.95524865872714,
        0.8937281465859739,
        0.8284020762890446,
        0.7656696415556777
      ],
      "z_err": [
        0.006580390119578558,
        0.00871094020198572,
        0.013792311627948512,
        0.016894958520580174,
        0.018811617254454852
      ],
      "x_h2": [
        0.0225,
        0.11,
        0.34,
        0.38,
        0.5475
      ],
      "x_err": [
        0.03541336197265386,
        0.03207152204489641,
        0.03564848825286585,
        0.028421940586573373,
        0.02705394409122062
      ],
      "mzz_h2": [
        0.935,
        0.885,
        0.73,
        0.58,
        0.475
      ],
      "mzz_err": [
        0.016637139008687563,
        0.02171360070222017,
        0.03356467730460943,
        0.03886904652519505,
        0.0370109404056383
      ],
      "z_ed": [
        0.9852855913376024,
        0.9444779939494309,
        0.8868988966650384,
        0.8257955254830065,
        0.7749138203918481
      ],
      "x_ed": [
        0.038947442382287284,
        0.14381504046120624,
        0.2832561381898366,
        0.4183302311988396,
        0.5165107577078036
      ],
      "mzz_ed": [
        0.96105255761771,
        0.856184959538791,
        0.7167438618101606,
        0.5816697688011578,
        0.4834892422921937
      ]
    },
    "2.0": {
      "times": [
        0.1,
        0.2,
        0.30000000000000004,
        0.4,
        0.5
      ],
      "z_h2": [
        0.9420721840708386,
        0.7881941385217223,
        0.6490377492873585,
        0.5873670062235365,
        0.6133922073192648
      ],
      "z_err": [
        0.009933703041128627,
        0.018382736693714045,
        0.020362466037644165,
        0.02351842737110748,
        0.021119905526103173
      ],
      "x_h2": [
        0.0575,
        0.2125,
        0.4,
        0.4575,
        0.355
      ],
      "x_err": [
        0.035344877338931366,
        0.03505393777528501,
        0.03148895438083008,
        0.03248928521303067,
        0.0398638608567008
      ],
      "mzz_h2": [
        0.85,
        0.515,
        0.225,
        0.185,
        0.25
      ],
      "mzz_err": [
        0.025461108440974118,
        0.03740097235009717,
        0.038196910594693115,
        0.03630359384311594,
        0.031111540108582345
      ],
      "z_ed": [
        0.9421946388527567,
        0.7949498318518534,
        0.6358314688066218,
        0.5738276713434799,
        0.639444403125504
      ],
      "x_ed": [
        0.07482867347192051,
        0.2444914023614602,
        0.39052784890488024,
        0.4266917908269811,
        0.3591263466830316
      ],
      "mzz_ed": [
        0.8503426530561615,
        0.5110171952770826,
        0.21894430219024233,
        0.1466164183460403,
        0.2817473066339393
      ]
    }
  }
}