{
  "stage": "h2_emulator_noisy_N8_scale3",
  "saved_at": "2026-07-22T19:08:06.935669+00:00",
  "results": {
    "0.5": {
      "times": [
        0.1,
        0.2,
        0.30000000000000004,
        0.4,
        0.5
      ],
      "z_h2": [
        0.9914478049801714,
        0.9733961166965892,
        0.9506083578424924,
        0.9253715470015274,
        0.9023580220732789
      ],
      "z_err": [
        0.0010136693906582232,
        0.0017899947115549105,
        0.002399290347338924,
        0.0028678939793589974,
        0.0033057152281174254
      ],
      "x_h2": [
        0.023125,
        0.07975,
        0.165,
        0.2265,
        0.312125
      ],
      "x_err": [
        0.008042869804503376,
        0.007860796050785955,
        0.007633502568994514,
        0.007347418384459353,
        0.007103879453565551
      ],
      "mzz_h2": [
        0.98225,
        0.94375,
        0.898,
        0.84275,
        0.804
      ],
      "mzz_err": [
        0.00205465971977456,
        0.003636367819806038,
        0.004789194746909321,
        0.0058747838703243314,
        0.006342818781906048
      ],
      "z_ed": [
        0.9956879221926273,
        0.9834866766532112,
        0.9654553119128487,
        0.9445675080914578,
        0.9241196699685115
      ],
      "x_ed": [
        0.019669232733807454,
        0.0748286734719222,
        0.1548041888296582,
        0.24449140239086053,
        0.32768464156368005
      ],
      "mzz_ed": [
        0.990165383633097,
        0.9625856632640403,
        0.9225979055851719,
        0.8777542988045707,
        0.8361576792181606
      ]
    },
    "1.0": {
      "times": [
        0.1,
        0.2,
        0.30000000000000004,
        0.4,
        0.5
      ],
      "z_h2": [
        0.9768572055321085,
        0.9218358042514947,
        0.8490067726467204,
        0.7846376552269206,
        0.7108313794424104
      ],
      "z_err": [
        0.0016761974068608186,
        0.0029093886709861353,
        0.003688676901310345,
        0.004596639515402226,
        0.005274819751039868
      ],
      "x_h2": [
        0.0505,
        0.134125,
        0.285,
        0.40525,
        0.4905
      ],
      "x_err": [
        0.007895038211607195,
        0.008195744579572293,
        0.007187909273719808,
        0.0062922683571648924,
        0.006290450775457866
      ],
      "mzz_h2": [
        0.95025,
        0.83325,
        0.68925,
        0.57975,
        0.46975
      ],
      "mzz_err": [
        0.003507293416169672,
        0.005972576112149216,
        0.007286178376407811,
        0.008350110645092395,
        0.008856611061630567
      ],
      "z_ed": [
        0.9828106039984974,
        0.9348323211757819,
        0.865861838921485,
        0.7892922858422768,
        0.7185935137482717
      ],
      "x_ed": [
        0.038947442382287575,
        0.14381504046144977,
        0.28325613825752877,
        0.4183302347560921,
        0.5165108320058872
      ],
      "mzz_ed": [
        0.9610525576177131,
        0.8561849595385507,
        0.7167438617424714,
        0.5816697652439082,
        0.4834891679941131
      ]
    },
    "2.0": {
      "times": [
        0.1,
        0.2,
        0.30000000000000004,
        0.4,
        0.5
      ],
      "z_h2": [
        0.9301377586142818,
        0.7505831066577504,
        0.5425921580708664,
        0.4118555572042218,
        0.45128289353796697
      ],
      "z_err": [
        0.002850144563504634,
        0.004875640743653228,
        0.005637729877959822,
        0.005937617442155444,
        0.005906179238380518
      ],
      "x_h2": [
        0.074875,
        0.243875,
        0.40075,
        0.413875,
        0.372375
      ],
      "x_err": [
        0.007915191797972978,
        0.007406234434312487,
        0.006615756851872512,
        0.00719204324030003,
        0.007723352382962102
      ],
      "mzz_h2": [
        0.848,
        0.513,
        0.23825,
        0.14425,
        0.26775
      ],
      "mzz_err": [
        0.0060600130163026645,
        0.008758343365957747,
        0.008432191220927464,
        0.007900579319967052,
        0.007030161959526767
      ],
      "z_ed": [
        0.9321932056988966,
        0.7542092102716794,
        0.5396372630894142,
        0.41356544895322456,
        0.46439467959953057
      ],
      "x_ed": [
        0.07482867347192199,
        0.24449140239086026,
        0.3905278565325904,
        0.4266921530892195,
        0.35913297085094154
      ],
      "mzz_ed": [
        0.8503426530561556,
        0.511017195218279,
        0.21894428693481868,
        0.14661569382156112,
        0.28173405829811726
      ]
    }
  }
}