{
  "stage": "h2_emulator",
  "saved_at": "2026-07-21T04:01:14.845390+00:00",
  "results": {
    "0.5": {
      "times": [
        0.1,
        0.2,
        0.30000000000000004,
        0.4,
        0.5
      ],
      "z_h2": [
        0.9962429422585638,
        0.982980162566875,
        0.975320460156558,
        0.9453835200594519,
        0.9226321043622967
      ],
      "z_err": [
        0.00279510618580556,
        0.005374010152677855,
        0.006884825913044798,
        0.009744225208688237,
        0.011623811473699385
      ],
      "mzz_h2": [
        0.99,
        0.955,
        0.935,
        0.865,
        0.8
      ],
      "mzz_err": [
        0.007415386905817056,
        0.01406775752569689,
        0.01788443325780697,
        0.023135626903808614,
        0.029567380759969324
      ],
      "z_ed": [
        0.996305138406507,
        0.9858664637620651,
        0.9705054563209149,
        0.9528831558960013,
        0.9359880253365176
      ],
      "mzz_ed": [
        0.990165383633097,
        0.9625856632640406,
        0.9225979055854445,
        0.8777542988192713,
        0.8361576795351653
      ]
    },
    "1.0": {
      "times": [
        0.1,
        0.2,
        0.30000000000000004,
        0.4,
        0.5
      ],
      "z_h2": [
        0.9746794344808963,
        0.9460443964212251,
        0.9055385138137416,
        0.8261355820929153,
        0.788986691902975
      ],
      "z_err": [
        0.006981898382181059,
        0.00986959523727183,
        0.012549134620335209,
        0.01660491159254074,
        0.017557877026249762
      ],
      "mzz_h2": [
        0.935,
        0.86,
        0.76,
        0.585,
        0.51
      ],
      "mzz_err": [
        0.017621858724462182,
        0.024974348702080176,
        0.030351533578891716,
        0.036277073007976064,
        0.03739960334455875
      ],
      "z_ed": [
        0.9852855913376035,
        0.944477993949432,
        0.8868988966650396,
        0.8257955254830075,
        0.7749138203918491
      ],
      "mzz_ed": [
        0.9610525576177122,
        0.8561849595387931,
        0.7167438618101627,
        0.5816697688011592,
        0.48348924229219503
      ]
    },
    "2.0": {
      "times": [
        0.1,
        0.2,
        0.30000000000000004,
        0.4,
        0.5
      ],
      "z_h2": [
        0.938083151964686,
        0.8054501846793506,
        0.6294839156007086,
        0.5733672470589858,
        0.6519202405202649
      ],
      "z_err": [
        0.010803763835234095,
        0.017892075381407697,
        0.021268131637373375,
        0.022509074555480946,
        0.021171091932707543
      ],
      "mzz_h2": [
        0.84,
        0.54,
        0.2,
        0.145,
        0.295
      ],
      "mzz_err": [
        0.027128636861035567,
        0.03860056707846114,
        0.03878342111977428,
        0.03626292010269408,
        0.03381334710498862
      ],
      "z_ed": [
        0.9421946388527563,
        0.7949498318518529,
        0.6358314688066214,
        0.5738276713434797,
        0.6394444031255035
      ],
      "mzz_ed": [
        0.8503426530561609,
        0.5110171952770819,
        0.2189443021902419,
        0.14661641834604006,
        0.28174730663393915
      ]
    }
  }
}