{
  "stage": "h2_emulator",
  "saved_at": "2026-07-21T03:26:40.098308+00:00",
  "results": {
    "0.5": {
      "times": [
        0.1,
        0.2,
        0.30000000000000004,
        0.4,
        0.5
      ],
      "z_h2": [
        0.9962429422585638,
        0.9772410142846032,
        0.9785192895390463,
        0.9460443964212251,
        0.9447221813845592
      ],
      "z_err": [
        0.002756395632254818,
        0.0065020726366386864,
        0.0064290747295465064,
        0.009576772371042517,
        0.010002995374241073
      ],
      "mzz_h2": [
        0.99,
        0.94,
        0.945,
        0.86,
        0.855
      ],
      "mzz_err": [
        0.007314602067331038,
        0.016929551373551184,
        0.01613691963093249,
        0.024111913224780814,
        0.025787581786091824
      ],
      "z_ed": [
        0.996305138406507,
        0.9858664637620651,
        0.9705054563209149,
        0.9528831558960013,
        0.9359880253365176
      ],
      "mzz_ed": [
        0.990165383633097,
        0.9625856632640406,
        0.9225979055854445,
        0.8777542988192713,
        0.8361576795351653
      ]
    },
    "1.0": {
      "times": [
        0.1,
        0.2,
        0.30000000000000004,
        0.4,
        0.5
      ],
      "z_h2": [
        0.9905806378079475,
        0.9414085191881365,
        0.8810505093353048,
        0.8046738469715541,
        0.7913595895672206
      ],
      "z_err": [
        0.0039853644117798,
        0.010439518150692887,
        0.014150099234790088,
        0.01839832023168758,
        0.018296924977221882
      ],
      "mzz_h2": [
        0.975,
        0.85,
        0.715,
        0.54,
        0.5
      ],
      "mzz_err": [
        0.01051846652978172,
        0.02589630076658428,
        0.03172170655350476,
        0.03915265547099494,
        0.04038963106166356
      ],
      "z_ed": [
        0.9852855913376035,
        0.944477993949432,
        0.8868988966650396,
        0.8257955254830075,
        0.7749138203918491
      ],
      "mzz_ed": [
        0.9610525576177122,
        0.8561849595387931,
        0.7167438618101627,
        0.5816697688011592,
        0.48348924229219503
      ]
    },
    "2.0": {
      "times": [
        0.1,
        0.2,
        0.30000000000000004,
        0.4,
        0.5
      ],
      "z_h2": [
        0.9427353817482401,
        0.7952986860293433,
        0.6164414002968976,
        0.5338539126015656,
        0.686476510887299
      ],
      "z_err": [
        0.010289431882410662,
        0.01833868732952013,
        0.021376152728688015,
        0.022140485269250797,
        0.021293826490454044
      ],
      "mzz_h2": [
        0.85,
        0.51,
        0.195,
        0.03,
        0.365
      ],
      "mzz_err": [
        0.026725625044777424,
        0.04022929151620615,
        0.03763463119874387,
        0.03687145072924143,
        0.033972844363611275
      ],
      "z_ed": [
        0.9421946388527563,
        0.7949498318518529,
        0.6358314688066214,
        0.5738276713434797,
        0.6394444031255035
      ],
      "mzz_ed": [
        0.8503426530561609,
        0.5110171952770819,
        0.2189443021902419,
        0.14661641834604006,
        0.28174730663393915
      ]
    }
  }
}