{
  "stage": "h2_emulator_noisy_N6",
  "saved_at": "2026-07-22T01:57:40.636778+00:00",
  "results": {
    "0.5": {
      "times": [
        0.1,
        0.2,
        0.30000000000000004,
        0.4,
        0.5
      ],
      "z_h2": [
        0.992191737742481,
        0.9846036991827952,
        0.9655165571973493,
        0.9548123724935001,
        0.9046177830074608
      ],
      "z_err": [
        0.0035050175242508775,
        0.004808670919289392,
        0.006737025821819056,
        0.00764165588598227,
        0.011049422156982963
      ],
      "x_h2": [
        0.023333333333333334,
        0.115,
        0.21,
        0.21333333333333335,
        0.32666666666666666
      ],
      "x_err": [
        0.02861906621381891,
        0.028951438406161892,
        0.027031294246602847,
        0.026767443667353244,
        0.02549017613974432
      ],
      "mzz_h2": [
        0.9833333333333334,
        0.9633333333333334,
        0.9199999999999999,
        0.8966666666666666,
        0.7799999999999999
      ],
      "mzz_err": [
        0.007251442391006333,
        0.011351246907803465,
        0.015328414220157495,
        0.01691551790093842,
        0.02452978800129095
      ],
      "z_ed": [
        0.9958937034335463,
        0.984280578336659,
        0.9671416232959951,
        0.9473474973923222,
        0.9280926100504422
      ],
      "x_ed": [
        0.01966923273380773,
        0.07482867347192261,
        0.15480418882965877,
        0.2444914023908614,
        0.32768464156368093
      ],
      "mzz_ed": [
        0.990165383633098,
        0.9625856632640409,
        0.9225979055851732,
        0.8777542988045717,
        0.8361576792181619
      ]
    },
    "1.0": {
      "times": [
        0.1,
        0.2,
        0.30000000000000004,
        0.4,
        0.5
      ],
      "z_h2": [
        0.9817784316682094,
        0.9413347497628625,
        0.8850612031567836,
        0.7753135566408672,
        0.7137537701787952
      ],
      "z_err": [
        0.005069094131959122,
        0.008640473579362684,
        0.011665824861662814,
        0.01676080554927131,
        0.018531724210729742
      ],
      "x_h2": [
        0.025,
        0.17333333333333334,
        0.25833333333333336,
        0.45166666666666666,
        0.47
      ],
      "x_err": [
        0.02922585752326512,
        0.02910739418002764,
        0.027542830217413643,
        0.022072768136423563,
        0.022291140378720608
      ],
      "mzz_h2": [
        0.9566666666666667,
        0.87,
        0.7366666666666667,
        0.5499999999999999,
        0.4466666666666667
      ],
      "mzz_err": [
        0.011934457495846424,
        0.018232961202381288,
        0.025545064434908952,
        0.030344030974333757,
        0.03189879725945687
      ],
      "z_ed": [
        0.9836362917191134,
        0.9380585654644937,
        0.8729304888021163,
        0.8016438249187362,
        0.737834813751436
      ],
      "x_ed": [
        0.038947442382287395,
        0.14381504046144974,
        0.2832561382575288,
        0.41833023475609227,
        0.5165108320058858
      ],
      "mzz_ed": [
        0.9610525576177124,
        0.8561849595385501,
        0.7167438617424713,
        0.5816697652439077,
        0.4834891679941143
      ]
    },
    "2.0": {
      "times": [
        0.1,
        0.2,
        0.30000000000000004,
        0.4,
        0.5
      ],
      "z_h2": [
        0.9300537618869137,
        0.7806692285753579,
        0.5783117190965824,
        0.496655480858378,
        0.5487359211051442
      ],
      "z_err": [
        0.009050540881157861,
        0.015524370887145983,
        0.02054235590188652,
        0.02009361212066146,
        0.02077308260020304
      ],
      "x_h2": [
        0.13166666666666665,
        0.19666666666666666,
        0.3883333333333333,
        0.43166666666666664,
        0.34833333333333333
      ],
      "x_err": [
        0.03024439729954057,
        0.02643452925843191,
        0.026173739079374446,
        0.02632022619744866,
        0.02905297188198094
      ],
      "mzz_h2": [
        0.8366666666666666,
        0.5633333333333334,
        0.20333333333333334,
        0.15,
        0.3
      ],
      "mzz_err": [
        0.0204588005042727,
        0.027970093821269044,
        0.03230095916647345,
        0.029135922115372782,
        0.02677816509175408
      ],
      "z_ed": [
        0.9355388969050874,
        0.7680294988887356,
        0.573488796998241,
        0.4728797825678279,
        0.5281947354362523
      ],
      "x_ed": [
        0.07482867347192197,
        0.2444914023908605,
        0.3905278565325909,
        0.42669215308919783,
        0.3591329708483872
      ],
      "mzz_ed": [
        0.8503426530561566,
        0.5110171952182796,
        0.21894428693481915,
        0.14661569382160497,
        0.281734058303226
      ]
    }
  }
}