{
  "stage": "h2_emulator",
  "saved_at": "2026-07-21T04:47:10.722483+00:00",
  "results": {
    "0.5": {
      "times": [
        0.1,
        0.2,
        0.30000000000000004,
        0.4,
        0.5
      ],
      "z_h2": [
        0.9924716620639604,
        0.9867877177995276,
        0.9637167633698192,
        0.9400797838481583,
        0.9400797838481583
      ],
      "z_err": [
        0.0036423430217976042,
        0.0050316446205654255,
        0.007914903989820012,
        0.010432478358605286,
        0.010184512805120357
      ],
      "mzz_h2": [
        0.98,
        0.965,
        0.905,
        0.845,
        0.85
      ],
      "mzz_err": [
        0.009635499096717461,
        0.013218419974665153,
        0.02032518420858993,
        0.026555940822968277,
        0.02446981552590604
      ],
      "z_ed": [
        0.996305138406507,
        0.9858664637620651,
        0.9705054563209149,
        0.9528831558960013,
        0.9359880253365176
      ],
      "mzz_ed": [
        0.990165383633097,
        0.9625856632640406,
        0.9225979055854445,
        0.8777542988192713,
        0.8361576795351653
      ]
    },
    "1.0": {
      "times": [
        0.1,
        0.2,
        0.30000000000000004,
        0.4,
        0.5
      ],
      "z_h2": [
        0.9886859966642595,
        0.9637167633698192,
        0.8895223437328598,
        0.8403868156985805,
        0.772172260574025
      ],
      "z_err": [
        0.0045013016734569205,
        0.007855072377879212,
        0.014058303286513028,
        0.01671723621446159,
        0.02112033114496128
      ],
      "mzz_h2": [
        0.97,
        0.905,
        0.735,
        0.615,
        0.49
      ],
      "mzz_err": [
        0.01185447187788236,
        0.020156836881640765,
        0.03155626360602239,
        0.03700356251279922,
        0.04256272971698316
      ],
      "z_ed": [
        0.9852855913376035,
        0.944477993949432,
        0.8868988966650396,
        0.8257955254830075,
        0.7749138203918491
      ],
      "mzz_ed": [
        0.9610525576177122,
        0.8561849595387931,
        0.7167438618101627,
        0.5816697688011592,
        0.48348924229219503
      ]
    },
    "2.0": {
      "times": [
        0.1,
        0.2,
        0.30000000000000004,
        0.4,
        0.5
      ],
      "z_h2": [
        0.95524865872714,
        0.7937253933193772,
        0.6604922406811453,
        0.5667892024377317,
        0.6698880503487131
      ],
      "z_err": [
        0.008611277287926806,
        0.017887019319429178,
        0.02200482048160404,
        0.022226225836541873,
        0.021612921617247833
      ],
      "mzz_h2": [
        0.885,
        0.515,
        0.28,
        0.145,
        0.325
      ],
      "mzz_err": [
        0.021594144624922814,
        0.03750922175567919,
        0.03921746944806497,
        0.03425507824228964,
        0.03527591480266905
      ],
      "z_ed": [
        0.9421946388527563,
        0.7949498318518529,
        0.6358314688066214,
        0.5738276713434797,
        0.6394444031255035
      ],
      "mzz_ed": [
        0.8503426530561609,
        0.5110171952770819,
        0.2189443021902419,
        0.14661641834604006,
        0.28174730663393915
      ]
    }
  }
}