{
  "stage": "h2_emulator",
  "saved_at": "2026-07-21T20:19:12.518748+00:00",
  "results": {
    "0.5": {
      "times": [
        0.1,
        0.2,
        0.30000000000000004,
        0.4,
        0.5
      ],
      "z_h2": [
        0.9943590900675671,
        0.9962429422585638,
        0.9733961166965892,
        0.9656603957913983,
        0.9327379053088815
      ],
      "z_err": [
        0.0033465037709304556,
        0.0027021252497258902,
        0.006806931156326268,
        0.007948922241704324,
        0.010794835563044483
      ],
      "x_h2": [
        0.045,
        0.015,
        0.18,
        0.25,
        0.315
      ],
      "x_err": [
        0.03431530611817391,
        0.034798862115801354,
        0.03442833986101545,
        0.030758300779087536,
        0.03203265184986305
      ],
      "mzz_h2": [
        0.985,
        0.99,
        0.93,
        0.91,
        0.83
      ],
      "mzz_err": [
        0.008863575066696458,
        0.007171485564735196,
        0.017658499301967785,
        0.020441189231970268,
        0.02618295862430985
      ],
      "z_ed": [
        0.996305138406507,
        0.9858664637620651,
        0.9705054563209149,
        0.9528831558960013,
        0.9359880253365176
      ],
      "x_ed": [
        0.01966923273380743,
        0.07482867347192011,
        0.15480418882911215,
        0.2444914023614595,
        0.32768464092967053
      ],
      "mzz_ed": [
        0.990165383633097,
        0.9625856632640406,
        0.9225979055854445,
        0.8777542988192713,
        0.8361576795351653
      ]
    },
    "1.0": {
      "times": [
        0.1,
        0.2,
        0.30000000000000004,
        0.4,
        0.5
      ],
      "z_h2": [
        0.982980162566875,
        0.9526279441628825,
        0.862409415533017,
        0.8208227579691002,
        0.7599342076785331
      ],
      "z_err": [
        0.00554154110214937,
        0.009694185496972667,
        0.015019197225453819,
        0.01643812432871457,
        0.01969403267594116
      ],
      "x_h2": [
        0.07,
        0.095,
        0.2925,
        0.395,
        0.515
      ],
      "x_err": [
        0.03667168816284182,
        0.03240485842971467,
        0.032718984943389144,
        0.028481953328650327,
        0.027559143335404705
      ],
      "mzz_h2": [
        0.955,
        0.88,
        0.67,
        0.58,
        0.44
      ],
      "mzz_err": [
        0.014516545908207806,
        0.023737169760277423,
        0.03322986343372213,
        0.03475125248893267,
        0.04160734515889197
      ],
      "z_ed": [
        0.9852855913376035,
        0.944477993949432,
        0.8868988966650396,
        0.8257955254830075,
        0.7749138203918491
      ],
      "x_ed": [
        0.03894744238228765,
        0.14381504046120688,
        0.28325613818983747,
        0.4183302311988406,
        0.5165107577078049
      ],
      "mzz_ed": [
        0.9610525576177122,
        0.8561849595387931,
        0.7167438618101627,
        0.5816697688011592,
        0.48348924229219503
      ]
    },
    "2.0": {
      "times": [
        0.1,
        0.2,
        0.30000000000000004,
        0.4,
        0.5
      ],
      "z_h2": [
        0.9519716382329886,
        0.8031189202104505,
        0.6164414002968976,
        0.5916079783099616,
        0.6800735254367721
      ],
      "z_err": [
        0.008976097518878767,
        0.018400412372788676,
        0.021458864427896032,
        0.02195705646179669,
        0.021889159388804685
      ],
      "x_h2": [
        0.0625,
        0.2325,
        0.365,
        0.4275,
        0.395
      ],
      "x_err": [
        0.03336689901609003,
        0.03586978024584044,
        0.028800640976732978,
        0.031471911682879626,
        0.038026030199361106
      ],
      "mzz_h2": [
        0.875,
        0.53,
        0.175,
        0.165,
        0.355
      ],
      "mzz_err": [
        0.022765451143471036,
        0.04056193098516447,
        0.03995283724848843,
        0.036908788366169086,
        0.035828640310043396
      ],
      "z_ed": [
        0.9421946388527563,
        0.7949498318518529,
        0.6358314688066214,
        0.5738276713434797,
        0.6394444031255035
      ],
      "x_ed": [
        0.07482867347191988,
        0.24449140236145955,
        0.39052784890487957,
        0.4266917908269804,
        0.3591263466830309
      ],
      "mzz_ed": [
        0.8503426530561609,
        0.5110171952770819,
        0.2189443021902419,
        0.14661641834604006,
        0.28174730663393915
      ]
    }
  }
}