{
  "stage": "h2_emulator",
  "saved_at": "2026-07-21T04:59:40.352115+00:00",
  "results": {
    "0.5": {
      "times": [
        0.1,
        0.2,
        0.30000000000000004,
        0.4,
        0.5
      ],
      "z_h2": [
        0.9943590900675671,
        0.9886859966642595,
        0.9733961166965892,
        0.9300537618869137,
        0.9414085191881365
      ],
      "z_err": [
        0.003383455784696411,
        0.00471817132105893,
        0.00679264272898137,
        0.011150812341851992,
        0.010296500281853171
      ],
      "mzz_h2": [
        0.985,
        0.97,
        0.93,
        0.82,
        0.845
      ],
      "mzz_err": [
        0.008960930379892113,
        0.012425630619662589,
        0.017624942939300902,
        0.028052795927667504,
        0.02695373821947531
      ],
      "z_ed": [
        0.996305138406507,
        0.9858664637620651,
        0.9705054563209149,
        0.9528831558960013,
        0.9359880253365176
      ],
      "mzz_ed": [
        0.990165383633097,
        0.9625856632640406,
        0.9225979055854445,
        0.8777542988192713,
        0.8361576795351653
      ]
    },
    "1.0": {
      "times": [
        0.1,
        0.2,
        0.30000000000000004,
        0.4,
        0.5
      ],
      "z_h2": [
        0.9842509842514764,
        0.9493418773023763,
        0.9,
        0.8403868156985805,
        0.7937253933193772
      ],
      "z_err": [
        0.005421082004616361,
        0.009748271324034625,
        0.013598543796180333,
        0.01660078519346445,
        0.018641446712777822
      ],
      "mzz_h2": [
        0.96,
        0.875,
        0.76,
        0.61,
        0.53
      ],
      "mzz_err": [
        0.013625033634510467,
        0.023225835602609442,
        0.030758445701660263,
        0.03807110168860082,
        0.03923694066198984
      ],
      "z_ed": [
        0.9852855913376035,
        0.944477993949432,
        0.8868988966650396,
        0.8257955254830075,
        0.7749138203918491
      ],
      "mzz_ed": [
        0.9610525576177122,
        0.8561849595387931,
        0.7167438618101627,
        0.5816697688011592,
        0.48348924229219503
      ]
    },
    "2.0": {
      "times": [
        0.1,
        0.2,
        0.30000000000000004,
        0.4,
        0.5
      ],
      "z_h2": [
        0.9400797838481583,
        0.7968688725254613,
        0.6324555320336759,
        0.5533985905294664,
        0.6432340165134304
      ],
      "z_err": [
        0.010129425566115844,
        0.01717962123752219,
        0.02241259274327042,
        0.02255833651691859,
        0.021861856412544005
      ],
      "mzz_h2": [
        0.845,
        0.52,
        0.24,
        0.135,
        0.275
      ],
      "mzz_err": [
        0.02537080167392386,
        0.03638921749845894,
        0.03761748363560587,
        0.033888782060580894,
        0.03532452685029478
      ],
      "z_ed": [
        0.9421946388527563,
        0.7949498318518529,
        0.6358314688066214,
        0.5738276713434797,
        0.6394444031255035
      ],
      "mzz_ed": [
        0.8503426530561609,
        0.5110171952770819,
        0.2189443021902419,
        0.14661641834604006,
        0.28174730663393915
      ]
    }
  }
}