{
  "stage": "h2_phase_transition_zne_trial",
  "saved_at": "2026-07-23T13:28:17.190525+00:00",
  "results": {
    "2.0": {
      "z_ed": 0.5541731290924361,
      "z_raw": 0.5555777773333511,
      "z_raw_err": 0.014044420360765206,
      "z_zne": 0.5708661835643503,
      "z_zne_err": 0.016774063125700834,
      "x_ed": 0.9315167768474232,
      "x_raw": 0.8613333333333333,
      "x_raw_err": 0.011946010680188225,
      "x_zne": 0.9111709108041174,
      "x_zne_err": 0.015015509865637464,
      "mzz_ed": 0.2651979675063764,
      "mzz_raw": 0.27999999999999997,
      "mzz_raw_err": 0.019051053104807095,
      "mzz_zne": 0.29628001204736093,
      "mzz_zne_err": 0.02270034980485582
    }
  }
}