{
  "stage": "h2_zne",
  "saved_at": "2026-07-23T01:30:20.701930+00:00",
  "results": {
    "0.5": {
      "times": [
        0.1,
        0.2,
        0.30000000000000004,
        0.4,
        0.5,
        0.6000000000000001,
        0.7000000000000001,
        0.8,
        0.9,
        1.0,
        1.1,
        1.2000000000000002,
        1.3,
        1.4000000000000001,
        1.5,
        1.6,
        1.7000000000000002,
        1.8,
        1.9000000000000001,
        2.0,
        2.1,
        2.2,
        2.3000000000000003,
        2.4000000000000004,
        2.5,
        2.6,
        2.7,
        2.8000000000000003,
        2.9000000000000004,
        3.0
      ],
      "z_ed": [
        0.9956879221926273,
        0.9834866766532112,
        0.9654553119128487,
        0.9445675080914578,
        0.9241196699685115,
        0.9070794536110762,
        0.8955208471854527,
        0.8902827511577901,
        0.8909326835974115,
        0.8960248069013138,
        0.9035536101295271,
        0.9114639363352919,
        0.9180905146656008,
        0.9224411828253162,
        0.9242847106110504,
        0.9240486482854716,
        0.9225732006433526,
        0.9207986814348357,
        0.9194774119036881,
        0.9189882945153444,
        0.9192949129660442,
        0.9200391169908714,
        0.9207210648563242,
        0.9208977744450197,
        0.920337499465263,
        0.9190895165115324,
        0.9174583615697027,
        0.915899668442865,
        0.9148750913275617,
        0.9147123295984281
      ],
      "z_raw": [
        0.9950502499874064,
        0.9801944960057672,
        0.9632140208697131,
        0.941093114415359,
        0.9217510509893655,
        0.9032233942940141,
        0.8960329235022562,
        0.8883798455615706,
        0.8898560276808828,
        0.8959457293832033,
        0.9001388781738071,
        0.8966953217230477,
        0.9135610269708313,
        0.9087938435090765,
        0.9113348725907509,
        0.899930552876165,
        0.9038978094895462,
        0.9002430227444143,
        0.9033271832508971,
        0.9044508002097185,
        0.8912947043486795,
        0.9073656925407749,
        0.8913648243003535,
        0.8996700784176386,
        0.8949860334105779,
        0.8901720339350141,
        0.8854200980325667,
        0.8852789108523935,
        0.8819367891181318,
        0.8769977194953246
      ],
      "z_raw_err": [
        0.0007624626549078438,
        0.0014451215226714432,
        0.0019771987317633755,
        0.0025858383918302445,
        0.002862905536069106,
        0.0033902292951048887,
        0.003531954962563154,
        0.003617979361684355,
        0.0038119829125468838,
        0.0036823824678791184,
        0.004029019386822503,
        0.004167882395715213,
        0.0039014086823901672,
        0.003952685520412919,
        0.004024861080576994,
        0.004244217315558691,
        0.004134479673822423,
        0.003959439283292391,
        0.0040079503179617235,
        0.0040512077315047286,
        0.004389883248401345,
        0.003934400309856332,
        0.004418733975001041,
        0.004279286551447378,
        0.004465899359276491,
        0.004391678756039376,
        0.004438887075579737,
        0.004543392472914229,
        0.004355612464923921,
        0.004507991309628529
      ],
      "z_zne": [
        0.9967175324496031,
        0.9827116223875985,
        0.9681627417511416,
        0.9465371963554902,
        0.9270363000294249,
        0.9082683271156855,
        0.9066744031156309,
        0.8985748806996556,
        0.9007981546540204,
        0.9099597106538065,
        0.9168439353602129,
        0.9069630098626952,
        0.9283467723876643,
        0.9245761137755459,
        0.9227508316798031,
        0.9108272128088086,
        0.9234659503236201,
        0.9149050067205617,
        0.9253197524650133,
        0.9248378335614602,
        0.9091935907163027,
        0.9385097092345183,
        0.9105517059932934,
        0.927326985791092,
        0.9248499533086642,
        0.914869465781564,
        0.9142310047448342,
        0.9102799161809014,
        0.9103104975747226,
        0.9033850197108616
      ],
      "z_zne_err": [
        0.0012536228562040567,
        0.002323811030808916,
        0.003180658181157029,
        0.0041363661998151295,
        0.004575897490006033,
        0.005377130923991946,
        0.005595107904477384,
        0.005780278077149898,
        0.006072919383909884,
        0.005875265816871735,
        0.006409424604895469,
        0.006641302937325402,
        0.006251533342735468,
        0.006337208205505782,
        0.006403849742832313,
        0.006764478215584963,
        0.006623202126715779,
        0.006362770248970133,
        0.006443024474655009,
        0.00650575625540758,
        0.007004593346080753,
        0.006373660396872186,
        0.0070869685099690105,
        0.006895052470440323,
        0.007184067060392908,
        0.007061450675591174,
        0.0071152352341670635,
        0.007247088066614391,
        0.007046969732604546,
        0.007278771939919529
      ],
      "mzz_ed": [
        0.990165383633097,
        0.9625856632640403,
        0.9225979055851719,
        0.8777542988045707,
        0.8361576792181606,
        0.8047360717337053,
        0.7878660247908469,
        0.7866539234553913,
        0.7990083330347584,
        0.8204335145745298,
        0.845299026087995,
        0.8682378101402457,
        0.8853188900737746,
        0.8947270974921749,
        0.8968324626605,
        0.8937014482518574,
        0.8882438368278381,
        0.8832662071886073,
        0.8806993134399992,
        0.8811897862297988,
        0.8841239872789552,
        0.8880220652314638,
        0.8911409038510898,
        0.8920816459449925,
        0.8902183244084758,
        0.8858370498800288,
        0.8799739972183961,
        0.8740333322302268,
        0.8693257901760405,
        0.8666796842050903
      ],
      "mzz_raw": [
        0.989,
        0.9555,
        0.9195,
        0.87225,
        0.83325,
        0.79925,
        0.791,
        0.78375,
        0.79675,
        0.81825,
        0.83925,
        0.84625,
        0.873,
        0.87375,
        0.8735,
        0.854,
        0.8575,
        0.85125,
        0.8505,
        0.856,
        0.83875,
        0.864,
        0.845,
        0.85725,
        0.8495,
        0.838,
        0.8345,
        0.82675,
        0.81425,
        0.80975
      ],
      "mzz_raw_err": [
        0.001699178318175276,
        0.0032358277950192346,
        0.004248184561912548,
        0.0054234330514503,
        0.005891890767344076,
        0.0068289899585410084,
        0.006849039958150951,
        0.006765567592031157,
        0.006619913382416023,
        0.006061323005258345,
        0.005967776956229117,
        0.005709967878252085,
        0.005350900351536367,
        0.005047158730290604,
        0.005339874086086225,
        0.005858555291845221,
        0.005590683477155704,
        0.005440305953378575,
        0.005831196863153981,
        0.005575957792640233,
        0.005932450481775527,
        0.0054984559439689796,
        0.005789110574063918,
        0.005613647029380322,
        0.005924649898003585,
        0.006065975194068552,
        0.005890182254989825,
        0.006109667670097865,
        0.00630009650449625,
        0.0063476083739916955
      ],