{
  "stage": "n_scaling",
  "saved_at": "2026-07-21T04:44:47.766143+00:00",
  "results": {
    "J": 1.0,
    "h": 1.0,
    "dt": 0.05,
    "steps": 100,
    "N_values": [
      4,
      6,
      8,
      10,
      12,
      14,
      16,
      18,
      20
    ],
    "ed_max_N": 12,
    "scaling_data": {
      "4": {
        "depth": 4,
        "gate_count": 12,
        "trotter_runtime_s": 0.1616482000099495,
        "ed_runtime_s": 0.009755899896845222,
        "max_pct_z": 0.4000772095205259,
        "max_pct_mzz": 0.85699584708123
      },
      "6": {
        "depth": 4,
        "gate_count": 18,
        "trotter_runtime_s": 0.2533187000080943,
        "ed_runtime_s": 0.015042199986055493,
        "max_pct_z": 0.3730542914472756,
        "max_pct_mzz": 0.6636300065299304
      },
      "8": {
        "depth": 4,
        "gate_count": 24,
        "trotter_runtime_s": 0.45856900000944734,
        "ed_runtime_s": 0.08031779993325472,
        "max_pct_z": 0.4781573798490954,
        "max_pct_mzz": 0.7776898502201831
      },
      "10": {
        "depth": 4,
        "gate_count": 30,
        "trotter_runtime_s": 0.24125309998635203,
        "ed_runtime_s": 0.8491195000242442,
        "max_pct_z": 0.16343535615068466,
        "max_pct_mzz": 0.26650324892101496
      },
      "12": {
        "depth": 5,
        "gate_count": 36,
        "trotter_runtime_s": 0.4433633000589907,
        "ed_runtime_s": 18.961520200013183,
        "max_pct_z": 0.17578533749353867,
        "max_pct_mzz": 0.26650324892123484
      },
      "14": {
        "depth": 5,
        "gate_count": 42,
        "trotter_runtime_s": 1.0193851999938488,
        "ed_runtime_s": null,
        "max_pct_z": null,
        "max_pct_mzz": null
      },
      "16": {
        "depth": 5,
        "gate_count": 48,
        "trotter_runtime_s": 7.867040700046346,
        "ed_runtime_s": null,
        "max_pct_z": null,
        "max_pct_mzz": null
      },
      "18": {
        "depth": 5,
        "gate_count": 54,
        "trotter_runtime_s": 30.821886399993673,
        "ed_runtime_s": null,
        "max_pct_z": null,
        "max_pct_mzz": null
      },
      "20": {
        "depth": 5,
        "gate_count": 60,
        "trotter_runtime_s": 137.52469160000328,
        "ed_runtime_s": null,
        "max_pct_z": null,
        "max_pct_mzz": null
      }
    },
    "noisy_data": {
      "4": {
        "device": "H2-1E",
        "shots": 500,
        "max_pct_z": null,
        "max_pct_mzz": null,
        "runtime_s": null,
        "status": "PENDING -- requires QEC-encoded circuit (not implemented yet)"
      },
      "6": {
        "device": "H2-1E",
        "shots": 500,
        "max_pct_z": null,
        "max_pct_mzz": null,
        "runtime_s": null,
        "status": "PENDING -- requires QEC-encoded circuit (not implemented yet)"
      },
      "8": {
        "device": "H2-1E",
        "shots": 500,
        "max_pct_z": null,
        "max_pct_mzz": null,
        "runtime_s": null,
        "status": "PENDING -- requires QEC-encoded circuit (not implemented yet)"
      },
      "10": {
        "device": "H2-1E",
        "shots": 500,
        "max_pct_z": null,
        "max_pct_mzz": null,
        "runtime_s": null,
        "status": "PENDING -- requires QEC-encoded circuit (not implemented yet)"
      },
      "12": {
        "device": "H2-1E",
        "shots": 500,
        "max_pct_z": null,
        "max_pct_mzz": null,
        "runtime_s": null,
        "status": "PENDING -- requires QEC-encoded circuit (not implemented yet)"
      },
      "14": {
        "device": "H2-1E",
        "shots": 500,
        "max_pct_z": null,
        "max_pct_mzz": null,
        "runtime_s": null,
        "status": "PENDING -- requires QEC-encoded circuit (not implemented yet)"
      },
      "16": {
        "device": "H2-1E",
        "shots": 500,
        "max_pct_z": null,
        "max_pct_mzz": null,
        "runtime_s": null,
        "status": "PENDING -- requires QEC-encoded circuit (not implemented yet)"
      },
      "18": {
        "device": "H2-1E",
        "shots": 500,
        "max_pct_z": null,
        "max_pct_mzz": null,
        "runtime_s": null,
        "status": "PENDING -- requires QEC-encoded circuit (not implemented yet)"
      },
      "20": {
        "device": "H2-1E",
        "shots": 500,
        "max_pct_z": null,
        "max_pct_mzz": null,
        "runtime_s": null,
        "status": "PENDING -- requires QEC-encoded circuit (not implemented yet)"
      }
    }
  }
}