{
  "stage": "n_scaling",
  "saved_at": "2026-07-21T05:21:21.990545+00:00",
  "results": {
    "J": 1.0,
    "h": 1.0,
    "dt": 0.05,
    "steps": 100,
    "N_values": [
      4,
      6,
      8,
      10,
      12,
      14,
      16,
      18,
      20
    ],
    "ed_max_N": 12,
    "scaling_data": {
      "4": {
        "depth": 4,
        "gate_count": 12,
        "trotter_runtime_s": 0.13118539995048195,
        "ed_runtime_s": 0.006285900017246604,
        "max_pct_z": 0.4000772095205259,
        "max_pct_mzz": 0.85699584708123
      },
      "6": {
        "depth": 4,
        "gate_count": 18,
        "trotter_runtime_s": 0.1668051000451669,
        "ed_runtime_s": 0.0162281000521034,
        "max_pct_z": 0.3730542914472756,
        "max_pct_mzz": 0.6636300065299304
      },
      "8": {
        "depth": 4,
        "gate_count": 24,
        "trotter_runtime_s": 0.20600469992496073,
        "ed_runtime_s": 0.07954760000575334,
        "max_pct_z": 0.4781573798490954,
        "max_pct_mzz": 0.7776898502201831
      },
      "10": {
        "depth": 4,
        "gate_count": 30,
        "trotter_runtime_s": 0.2551868000300601,
        "ed_runtime_s": 0.8677544998936355,
        "max_pct_z": 0.16343535615068466,
        "max_pct_mzz": 0.26650324892101496
      },
      "12": {
        "depth": 5,
        "gate_count": 36,
        "trotter_runtime_s": 0.4672399000264704,
        "ed_runtime_s": 20.409537600004114,
        "max_pct_z": 0.17578533749353867,
        "max_pct_mzz": 0.26650324892123484
      },
      "14": {
        "depth": 5,
        "gate_count": 42,
        "trotter_runtime_s": 1.3018424999900162,
        "ed_runtime_s": null,
        "max_pct_z": null,
        "max_pct_mzz": null
      },
      "16": {
        "depth": 5,
        "gate_count": 48,
        "trotter_runtime_s": 7.971881799981929,
        "ed_runtime_s": null,
        "max_pct_z": null,
        "max_pct_mzz": null
      },
      "18": {
        "depth": 5,
        "gate_count": 54,
        "trotter_runtime_s": 39.743140999926254,
        "ed_runtime_s": null,
        "max_pct_z": null,
        "max_pct_mzz": null
      },
      "20": {
        "depth": 5,
        "gate_count": 60,
        "trotter_runtime_s": 147.85841989994515,
        "ed_runtime_s": null,
        "max_pct_z": null,
        "max_pct_mzz": null
      }
    },
    "noisy_data": {
      "4": {
        "device": "H2-1E",
        "shots": 500,
        "max_pct_z": null,
        "max_pct_mzz": null,
        "runtime_s": null,
        "status": "PENDING -- requires QEC-encoded circuit (not implemented yet)"
      },
      "6": {
        "device": "H2-1E",
        "shots": 500,
        "max_pct_z": null,
        "max_pct_mzz": null,
        "runtime_s": null,
        "status": "PENDING -- requires QEC-encoded circuit (not implemented yet)"
      },
      "8": {
        "device": "H2-1E",
        "shots": 500,
        "max_pct_z": null,
        "max_pct_mzz": null,
        "runtime_s": null,
        "status": "PENDING -- requires QEC-encoded circuit (not implemented yet)"
      },
      "10": {
        "device": "H2-1E",
        "shots": 500,
        "max_pct_z": null,
        "max_pct_mzz": null,
        "runtime_s": null,
        "status": "PENDING -- requires QEC-encoded circuit (not implemented yet)"
      },
      "12": {
        "device": "H2-1E",
        "shots": 500,
        "max_pct_z": null,
        "max_pct_mzz": null,
        "runtime_s": null,
        "status": "PENDING -- requires QEC-encoded circuit (not implemented yet)"
      },
      "14": {
        "device": "H2-1E",
        "shots": 500,
        "max_pct_z": null,
        "max_pct_mzz": null,
        "runtime_s": null,
        "status": "PENDING -- requires QEC-encoded circuit (not implemented yet)"
      },
      "16": {
        "device": "H2-1E",
        "shots": 500,
        "max_pct_z": null,
        "max_pct_mzz": null,
        "runtime_s": null,
        "status": "PENDING -- requires QEC-encoded circuit (not implemented yet)"
      },
      "18": {
        "device": "H2-1E",
        "shots": 500,
        "max_pct_z": null,
        "max_pct_mzz": null,
        "runtime_s": null,
        "status": "PENDING -- requires QEC-encoded circuit (not implemented yet)"
      },
      "20": {
        "device": "H2-1E",
        "shots": 500,
        "max_pct_z": null,
        "max_pct_mzz": null,
        "runtime_s": null,
        "status": "PENDING -- requires QEC-encoded circuit (not implemented yet)"
      }
    }
  }
}