{
  "stage": "n_scaling",
  "saved_at": "2026-07-22T04:22:02.340744+00:00",
  "results": {
    "J": 1.0,
    "h": 1.0,
    "dt": 0.05,
    "steps": 20,
    "N_values": [
      4,
      6,
      8,
      10,
      12,
      14,
      16,
      18,
      20
    ],
    "ed_max_N": 12,
    "scaling_data": {
      "4": {
        "depth": 4,
        "gate_count": 12,
        "trotter_runtime_s": 0.013462409002386266,
        "ed_runtime_s": 0.0013321289989107754,
        "max_pct_z": 0.12606582460772392,
        "max_pct_mzz": 0.26650240300754313
      },
      "6": {
        "depth": 4,
        "gate_count": 18,
        "trotter_runtime_s": 0.0116442319995258,
        "ed_runtime_s": 0.009925594000378624,
        "max_pct_z": 0.144425703957619,
        "max_pct_mzz": 0.26650324892029703
      },
      "8": {
        "depth": 4,
        "gate_count": 24,
        "trotter_runtime_s": 0.021180640000238782,
        "ed_runtime_s": 0.013895087999117095,
        "max_pct_z": 0.15555223205498597,
        "max_pct_mzz": 0.2665032489206896
      },
      "10": {
        "depth": 4,
        "gate_count": 30,
        "trotter_runtime_s": 0.028450829999201233,
        "ed_runtime_s": 0.1327398350003932,
        "max_pct_z": 0.16343535615059523,
        "max_pct_mzz": 0.26650324892086863
      },
      "12": {
        "depth": 5,
        "gate_count": 36,
        "trotter_runtime_s": 0.05388623099861434,
        "ed_runtime_s": 7.641179390000616,
        "max_pct_z": 0.16899703940138955,
        "max_pct_mzz": 0.2665032489210997
      },
      "14": {
        "depth": 5,
        "gate_count": 42,
        "trotter_runtime_s": 0.2186239359980391,
        "ed_runtime_s": null,
        "max_pct_z": null,
        "max_pct_mzz": null
      },
      "16": {
        "depth": 5,
        "gate_count": 48,
        "trotter_runtime_s": 0.5928202039976895,
        "ed_runtime_s": null,
        "max_pct_z": null,
        "max_pct_mzz": null
      },
      "18": {
        "depth": 5,
        "gate_count": 54,
        "trotter_runtime_s": 2.093941054001334,
        "ed_runtime_s": null,
        "max_pct_z": null,
        "max_pct_mzz": null
      },
      "20": {
        "depth": 5,
        "gate_count": 60,
        "trotter_runtime_s": 17.030467649998172,
        "ed_runtime_s": null,
        "max_pct_z": null,
        "max_pct_mzz": null
      }
    },
    "noisy_data": {
      "4": {
        "device": "H2-Emulator",
        "shots": 200,
        "max_pct_z": 1.4208710708839227,
        "max_pct_mzz": 4.702497148881498,
        "runtime_s": 119.67412165099813,
        "status": "Completed"
      },
      "6": {
        "device": "H2-Emulator",
        "shots": 200,
        "max_pct_z": 3.987583120416042,
        "max_pct_mzz": 7.4300684041216964,
        "runtime_s": 133.62539592900066,
        "status": "Completed"
      },
      "8": {
        "device": "H2-Emulator",
        "shots": 200,
        "max_pct_z": 0.21728628077630663,
        "max_pct_mzz": 3.4327304929990476,
        "runtime_s": 131.85455190299763,
        "status": "Completed"
      }
    }
  }
}