{
  "stage": "n_scaling",
  "saved_at": "2026-07-21T20:09:39.111725+00:00",
  "results": {
    "J": 1.0,
    "h": 1.0,
    "dt": 0.05,
    "steps": 100,
    "N_values": [
      4,
      6,
      8,
      10,
      12,
      14,
      16,
      18,
      20
    ],
    "ed_max_N": 12,
    "scaling_data": {
      "4": {
        "depth": 4,
        "gate_count": 12,
        "trotter_runtime_s": 0.10865029995329678,
        "ed_runtime_s": 0.0061552999541163445,
        "max_pct_z": 0.4000772095205259,
        "max_pct_mzz": 0.85699584708123
      },
      "6": {
        "depth": 4,
        "gate_count": 18,
        "trotter_runtime_s": 0.13994370005093515,
        "ed_runtime_s": 0.018186500063166022,
        "max_pct_z": 0.3730542914472756,
        "max_pct_mzz": 0.6636300065299304
      },
      "8": {
        "depth": 4,
        "gate_count": 24,
        "trotter_runtime_s": 0.18384269997477531,
        "ed_runtime_s": 0.08516190003138036,
        "max_pct_z": 0.4781573798490954,
        "max_pct_mzz": 0.7776898502201831
      },
      "10": {
        "depth": 4,
        "gate_count": 30,
        "trotter_runtime_s": 0.3033174000447616,
        "ed_runtime_s": 1.323401500005275,
        "max_pct_z": 0.16343535615068466,
        "max_pct_mzz": 0.26650324892101496
      },
      "12": {
        "depth": 5,
        "gate_count": 36,
        "trotter_runtime_s": 0.6644884999841452,
        "ed_runtime_s": 19.907165799988434,
        "max_pct_z": 0.17578533749353867,
        "max_pct_mzz": 0.26650324892123484
      },
      "14": {
        "depth": 5,
        "gate_count": 42,
        "trotter_runtime_s": 0.9126646999502555,
        "ed_runtime_s": null,
        "max_pct_z": null,
        "max_pct_mzz": null
      },
      "16": {
        "depth": 5,
        "gate_count": 48,
        "trotter_runtime_s": 7.092336699948646,
        "ed_runtime_s": null,
        "max_pct_z": null,
        "max_pct_mzz": null
      },
      "18": {
        "depth": 5,
        "gate_count": 54,
        "trotter_runtime_s": 29.716339799924754,
        "ed_runtime_s": null,
        "max_pct_z": null,
        "max_pct_mzz": null
      },
      "20": {
        "depth": 5,
        "gate_count": 60,
        "trotter_runtime_s": 132.89196759997867,
        "ed_runtime_s": null,
        "max_pct_z": null,
        "max_pct_mzz": null
      }
    },
    "noisy_data": {
      "4": {
        "device": "H2-Emulator",
        "shots": 500,
        "max_pct_z": null,
        "max_pct_mzz": null,
        "runtime_s": null,
        "status": "PENDING -- requires QEC-encoded circuit (not implemented yet)"
      },
      "6": {
        "device": "H2-Emulator",
        "shots": 500,
        "max_pct_z": null,
        "max_pct_mzz": null,
        "runtime_s": null,
        "status": "PENDING -- requires QEC-encoded circuit (not implemented yet)"
      },
      "8": {
        "device": "H2-Emulator",
        "shots": 500,
        "max_pct_z": null,
        "max_pct_mzz": null,
        "runtime_s": null,
        "status": "PENDING -- requires QEC-encoded circuit (not implemented yet)"
      },
      "10": {
        "device": "H2-Emulator",
        "shots": 500,
        "max_pct_z": null,
        "max_pct_mzz": null,
        "runtime_s": null,
        "status": "PENDING -- requires QEC-encoded circuit (not implemented yet)"
      },
      "12": {
        "device": "H2-Emulator",
        "shots": 500,
        "max_pct_z": null,
        "max_pct_mzz": null,
        "runtime_s": null,
        "status": "PENDING -- requires QEC-encoded circuit (not implemented yet)"
      },
      "14": {
        "device": "H2-Emulator",
        "shots": 500,
        "max_pct_z": null,
        "max_pct_mzz": null,
        "runtime_s": null,
        "status": "PENDING -- requires QEC-encoded circuit (not implemented yet)"
      },
      "16": {
        "device": "H2-Emulator",
        "shots": 500,
        "max_pct_z": null,
        "max_pct_mzz": null,
        "runtime_s": null,
        "status": "PENDING -- requires QEC-encoded circuit (not implemented yet)"
      },
      "18": {
        "device": "H2-Emulator",
        "shots": 500,
        "max_pct_z": null,
        "max_pct_mzz": null,
        "runtime_s": null,
        "status": "PENDING -- requires QEC-encoded circuit (not implemented yet)"
      },
      "20": {
        "device": "H2-Emulator",
        "shots": 500,
        "max_pct_z": null,
        "max_pct_mzz": null,
        "runtime_s": null,
        "status": "PENDING -- requires QEC-encoded circuit (not implemented yet)"
      }
    }
  }
}