{
  "stage": "n_scaling",
  "saved_at": "2026-07-21T03:59:33.053579+00:00",
  "results": {
    "J": 1.0,
    "h": 1.0,
    "dt": 0.05,
    "steps": 100,
    "N_values": [
      4,
      6,
      8,
      10,
      12,
      14,
      16,
      18,
      20
    ],
    "ed_max_N": 12,
    "scaling_data": {
      "4": {
        "depth": 4,
        "gate_count": 12,
        "trotter_runtime_s": 0.1244287999579683,
        "ed_runtime_s": 0.007906599901616573,
        "max_pct_z": 0.4000772095205259,
        "max_pct_mzz": 0.85699584708123
      },
      "6": {
        "depth": 4,
        "gate_count": 18,
        "trotter_runtime_s": 0.14432060008402914,
        "ed_runtime_s": 0.014575000037439167,
        "max_pct_z": 0.3730542914472756,
        "max_pct_mzz": 0.6636300065299304
      },
      "8": {
        "depth": 4,
        "gate_count": 24,
        "trotter_runtime_s": 0.20796819997485727,
        "ed_runtime_s": 0.09695929998997599,
        "max_pct_z": 0.4781573798490954,
        "max_pct_mzz": 0.7776898502201831
      },
      "10": {
        "depth": 4,
        "gate_count": 30,
        "trotter_runtime_s": 0.28864809998776764,
        "ed_runtime_s": 0.8903655000030994,
        "max_pct_z": 0.16343535615068466,
        "max_pct_mzz": 0.26650324892101496
      },
      "12": {
        "depth": 5,
        "gate_count": 36,
        "trotter_runtime_s": 0.4450322000775486,
        "ed_runtime_s": 19.353363999980502,
        "max_pct_z": 0.17578533749353867,
        "max_pct_mzz": 0.26650324892123484
      },
      "14": {
        "depth": 5,
        "gate_count": 42,
        "trotter_runtime_s": 1.0709431000286713,
        "ed_runtime_s": null,
        "max_pct_z": null,
        "max_pct_mzz": null
      },
      "16": {
        "depth": 5,
        "gate_count": 48,
        "trotter_runtime_s": 7.23082960001193,
        "ed_runtime_s": null,
        "max_pct_z": null,
        "max_pct_mzz": null
      },
      "18": {
        "depth": 5,
        "gate_count": 54,
        "trotter_runtime_s": 31.754843699978665,
        "ed_runtime_s": null,
        "max_pct_z": null,
        "max_pct_mzz": null
      },
      "20": {
        "depth": 5,
        "gate_count": 60,
        "trotter_runtime_s": 140.54547700006515,
        "ed_runtime_s": null,
        "max_pct_z": null,
        "max_pct_mzz": null
      }
    }
  }
}