{
  "stage": "n_scaling",
  "saved_at": "2026-07-21T04:33:36.987366+00:00",
  "results": {
    "J": 1.0,
    "h": 1.0,
    "dt": 0.05,
    "steps": 100,
    "N_values": [
      4,
      6,
      8,
      10,
      12,
      14,
      16,
      18,
      20
    ],
    "ed_max_N": 12,
    "scaling_data": {
      "4": {
        "depth": 4,
        "gate_count": 12,
        "trotter_runtime_s": 0.162141100037843,
        "ed_runtime_s": 0.013911399990320206,
        "max_pct_z": 0.4000772095205259,
        "max_pct_mzz": 0.85699584708123
      },
      "6": {
        "depth": 4,
        "gate_count": 18,
        "trotter_runtime_s": 0.2193110000807792,
        "ed_runtime_s": 0.0614328000228852,
        "max_pct_z": 0.3730542914472756,
        "max_pct_mzz": 0.6636300065299304
      },
      "8": {
        "depth": 4,
        "gate_count": 24,
        "trotter_runtime_s": 0.23319900000933558,
        "ed_runtime_s": 0.0694682999746874,
        "max_pct_z": 0.4781573798490954,
        "max_pct_mzz": 0.7776898502201831
      },
      "10": {
        "depth": 4,
        "gate_count": 30,
        "trotter_runtime_s": 0.32743519998621196,
        "ed_runtime_s": 0.9829783999593928,
        "max_pct_z": 0.16343535615068466,
        "max_pct_mzz": 0.26650324892101496
      },
      "12": {
        "depth": 5,
        "gate_count": 36,
        "trotter_runtime_s": 0.44101760000921786,
        "ed_runtime_s": 21.05866919993423,
        "max_pct_z": 0.17578533749353867,
        "max_pct_mzz": 0.26650324892123484
      },
      "14": {
        "depth": 5,
        "gate_count": 42,
        "trotter_runtime_s": 1.0602400000207126,
        "ed_runtime_s": null,
        "max_pct_z": null,
        "max_pct_mzz": null
      },
      "16": {
        "depth": 5,
        "gate_count": 48,
        "trotter_runtime_s": 7.877223799936473,
        "ed_runtime_s": null,
        "max_pct_z": null,
        "max_pct_mzz": null
      },
      "18": {
        "depth": 5,
        "gate_count": 54,
        "trotter_runtime_s": 29.90130989998579,
        "ed_runtime_s": null,
        "max_pct_z": null,
        "max_pct_mzz": null
      },
      "20": {
        "depth": 5,
        "gate_count": 60,
        "trotter_runtime_s": 150.89261569990776,
        "ed_runtime_s": null,
        "max_pct_z": null,
        "max_pct_mzz": null
      }
    },
    "noisy_data": {
      "4": {
        "device": "H2-1E",
        "shots": 500,
        "max_pct_z": null,
        "max_pct_mzz": null,
        "runtime_s": null,
        "status": "PENDING -- requires QEC-encoded circuit (not implemented yet)"
      },
      "6": {
        "device": "H2-1E",
        "shots": 500,
        "max_pct_z": null,
        "max_pct_mzz": null,
        "runtime_s": null,
        "status": "PENDING -- requires QEC-encoded circuit (not implemented yet)"
      },
      "8": {
        "device": "H2-1E",
        "shots": 500,
        "max_pct_z": null,
        "max_pct_mzz": null,
        "runtime_s": null,
        "status": "PENDING -- requires QEC-encoded circuit (not implemented yet)"
      },
      "10": {
        "device": "H2-1E",
        "shots": 500,
        "max_pct_z": null,
        "max_pct_mzz": null,
        "runtime_s": null,
        "status": "PENDING -- requires QEC-encoded circuit (not implemented yet)"
      },
      "12": {
        "device": "H2-1E",
        "shots": 500,
        "max_pct_z": null,
        "max_pct_mzz": null,
        "runtime_s": null,
        "status": "PENDING -- requires QEC-encoded circuit (not implemented yet)"
      },
      "14": {
        "device": "H2-1E",
        "shots": 500,
        "max_pct_z": null,
        "max_pct_mzz": null,
        "runtime_s": null,
        "status": "PENDING -- requires QEC-encoded circuit (not implemented yet)"
      },
      "16": {
        "device": "H2-1E",
        "shots": 500,
        "max_pct_z": null,
        "max_pct_mzz": null,
        "runtime_s": null,
        "status": "PENDING -- requires QEC-encoded circuit (not implemented yet)"
      },
      "18": {
        "device": "H2-1E",
        "shots": 500,
        "max_pct_z": null,
        "max_pct_mzz": null,
        "runtime_s": null,
        "status": "PENDING -- requires QEC-encoded circuit (not implemented yet)"
      },
      "20": {
        "device": "H2-1E",
        "shots": 500,
        "max_pct_z": null,
        "max_pct_mzz": null,
        "runtime_s": null,
        "status": "PENDING -- requires QEC-encoded circuit (not implemented yet)"
      }
    }
  }
}